link_item,name_comment,content_comment,skuInfo_comment,like_count
https://www.lazada.vn/products/dien-thoai-oppo-a58-6gb128gb-hang-chinh-hang-i2395322903.html,Huyen N.Ch·ª©ng nh·∫≠n ƒë√£ mua h√†ng,s·∫£n ph·∫©m t·ªët üëç ,Nh√≥m M√†u:Xanh,0
https://www.lazada.vn/products/dien-thoai-oppo-a58-6gb128gb-hang-chinh-hang-i2395322903.html,Huyen N.Ch·ª©ng nh·∫≠n ƒë√£ mua h√†ng,"Ch√†o b·∫°n, OPPO ch√¢n th√†nh c·∫£m ∆°n b·∫°n ƒë√£ tin d√πng s·∫£n ph·∫©m. OPPO hy v·ªçng b·∫°n s·∫Ω y√™u th√≠ch v√† c√≥ nh·ªØng tr·∫£i nghi·ªám th·∫≠t t·ªët khi s·ª≠ d·ª•ng s·∫£n ph·∫©m ·∫°. N·∫øu c√≥ b·∫•t k·ª≥ th·∫Øc m·∫Øc n√†o, b·∫°n vui l√≤ng nh·∫Øn tin cho OPPO ƒë·ªÉ c√≥ th·ªÉ h·ªó tr·ª£ b·∫°n trong th·ªùi gian s·ªõm nh·∫•t nh√©. C·∫£m ∆°n b·∫°n",Nh√≥m M√†u:Xanh,0
https://www.lazada.vn/products/dien-thoai-oppo-a58-6gb128gb-hang-chinh-hang-i2395322903.html,Huyen N.Ch·ª©ng nh·∫≠n ƒë√£ mua h√†ng,s·∫£n ph·∫©m t·ªët üëç ,Nh√≥m M√†u:Xanh,0
https://www.lazada.vn/products/dien-thoai-oppo-a58-6gb128gb-hang-chinh-hang-i2395322903.html,Huyen N.Ch·ª©ng nh·∫≠n ƒë√£ mua h√†ng,"Ch√†o b·∫°n, OPPO ch√¢n th√†nh c·∫£m ∆°n b·∫°n ƒë√£ tin d√πng s·∫£n ph·∫©m. OPPO hy v·ªçng b·∫°n s·∫Ω y√™u th√≠ch v√† c√≥ nh·ªØng tr·∫£i nghi·ªám th·∫≠t t·ªët khi s·ª≠ d·ª•ng s·∫£n ph·∫©m ·∫°. N·∫øu c√≥ b·∫•t k·ª≥ th·∫Øc m·∫Øc n√†o, b·∫°n vui l√≤ng nh·∫Øn tin cho OPPO ƒë·ªÉ c√≥ th·ªÉ h·ªó tr·ª£ b·∫°n trong th·ªùi gian s·ªõm nh·∫•t nh√©. C·∫£m ∆°n b·∫°n",Nh√≥m M√†u:Xanh,0
https://www.lazada.vn/products/dien-thoai-oppo-a58-6gb128gb-hang-chinh-hang-i2395322903.html,Hi·∫øu T.Ch·ª©ng nh·∫≠n ƒë√£ mua h√†ng,s·∫£n ph·∫©m t·ªët üëç ,Nh√≥m M√†u:Xanh,0
https://www.lazada.vn/products/dien-thoai-oppo-a58-6gb128gb-hang-chinh-hang-i2395322903.html,D***.Ch·ª©ng nh·∫≠n ƒë√£ mua h√†ng,"Ch√†o b·∫°n, OPPO ch√¢n th√†nh c·∫£m ∆°n b·∫°n ƒë√£ tin d√πng s·∫£n ph·∫©m. OPPO hy v·ªçng b·∫°n s·∫Ω y√™u th√≠ch v√† c√≥ nh·ªØng tr·∫£i nghi·ªám th·∫≠t t·ªët khi s·ª≠ d·ª•ng s·∫£n ph·∫©m ·∫°. N·∫øu c√≥ b·∫•t k·ª≥ th·∫Øc m·∫Øc n√†o, b·∫°n vui l√≤ng nh·∫Øn tin cho OPPO ƒë·ªÉ c√≥ th·ªÉ h·ªó tr·ª£ b·∫°n trong th·ªùi gian s·ªõm nh·∫•t nh√©. C·∫£m ∆°n b·∫°n",Nh√≥m M√†u:Xanh,0
https://www.lazada.vn/products/dien-thoai-oppo-a58-6gb128gb-hang-chinh-hang-i2395322903.html,3***7Ch·ª©ng nh·∫≠n ƒë√£ mua h√†ng,s·∫£n ph·∫©m t·ªët üëç ,Nh√≥m M√†u:Xanh,0
https://www.lazada.vn/products/dien-thoai-oppo-a58-6gb128gb-hang-chinh-hang-i2395322903.html,3***5Ch·ª©ng nh·∫≠n ƒë√£ mua h√†ng,"Ch√†o b·∫°n, OPPO ch√¢n th√†nh c·∫£m ∆°n b·∫°n ƒë√£ tin d√πng s·∫£n ph·∫©m. OPPO hy v·ªçng b·∫°n s·∫Ω y√™u th√≠ch v√† c√≥ nh·ªØng tr·∫£i nghi·ªám th·∫≠t t·ªët khi s·ª≠ d·ª•ng s·∫£n ph·∫©m ·∫°. N·∫øu c√≥ b·∫•t k·ª≥ th·∫Øc m·∫Øc n√†o, b·∫°n vui l√≤ng nh·∫Øn tin cho OPPO ƒë·ªÉ c√≥ th·ªÉ h·ªó tr·ª£ b·∫°n trong th·ªùi gian s·ªõm nh·∫•t nh√©. C·∫£m ∆°n b·∫°n",Nh√≥m M√†u:Xanh,0
https://www.lazada.vn/products/dien-thoai-oppo-a58-6gb128gb-hang-chinh-hang-i2395322903.html,0***4Ch·ª©ng nh·∫≠n ƒë√£ mua h√†ng,"Ch·∫•t l∆∞·ª£ng camera tuy·ªát v·ªùi ƒë·ªÉ ghi l·∫°i nh·ªØng kho·∫£nh kh·∫Øc, Thi·∫øt k·∫ø m·ªèng nh·∫π v√† sang tr·ªçng, Tr·∫£i nghi·ªám ng∆∞·ªùi d√πng m∆∞·ª£t m√† v√† li·ªÅn m·∫°ch, B·ªô vi x·ª≠ l√Ω Helio G85 m·∫°nh m·∫Ω, Hi·ªáu su·∫•t nhanh ch√≥ng v√† hi·ªáu qu·∫£, Th·ªùi l∆∞·ª£ng pin l√¢u d√†i, Dung l∆∞·ª£ng l∆∞u tr·ªØ r·ªông r√£i 128GB, Th·ªùi l∆∞·ª£ng pin l√¢u d√†i,  ",Nh√≥m M√†u:Xanh,0
https://www.lazada.vn/products/dien-thoai-oppo-a58-6gb128gb-hang-chinh-hang-i2395322903.html,levidavis2476368yl57272Ch·ª©ng nh·∫≠n ƒë√£ mua h√†ng,"Hi·ªáu su·∫•t nhanh ch√≥ng v√† hi·ªáu qu·∫£, Tr·∫£i nghi·ªám ng∆∞·ªùi d√πng m∆∞·ª£t m√† v√† li·ªÅn m·∫°ch, Thi·∫øt k·∫ø m·ªèng nh·∫π v√† sang tr·ªçng, B·∫£o h√†nh ƒë√°ng tin c·∫≠y trong 12 th√°ng,  ",Nh√≥m M√†u:Xanh,0
https://www.lazada.vn/products/dien-thoai-oppo-a58-6gb128gb-hang-chinh-hang-i2395322903.html,L***gCh·ª©ng nh·∫≠n ƒë√£ mua h√†ng,"Ch√†o b·∫°n, OPPO ch√¢n th√†nh c·∫£m ∆°n b·∫°n ƒë√£ tin d√πng s·∫£n ph·∫©m. OPPO hy v·ªçng b·∫°n s·∫Ω y√™u th√≠ch v√† c√≥ nh·ªØng tr·∫£i nghi·ªám th·∫≠t t·ªët khi s·ª≠ d·ª•ng s·∫£n ph·∫©m ·∫°. N·∫øu c√≥ b·∫•t k·ª≥ th·∫Øc m·∫Øc n√†o, b·∫°n vui l√≤ng nh·∫Øn tin cho OPPO ƒë·ªÉ c√≥ th·ªÉ h·ªó tr·ª£ b·∫°n trong th·ªùi gian s·ªõm nh·∫•t nh√©. C·∫£m ∆°n b·∫°n",Nh√≥m M√†u:Xanh,0
https://www.lazada.vn/products/dien-thoai-oppo-a58-6gb128gb-hang-chinh-hang-i2395322903.html,Hi·∫øu N.Ch·ª©ng nh·∫≠n ƒë√£ mua h√†ng,"B·∫£o h√†nh ƒë√°ng tin c·∫≠y trong 12 th√°ng, Hi·ªáu su·∫•t nhanh ch√≥ng v√† hi·ªáu qu·∫£, B·ªô vi x·ª≠ l√Ω Helio G85 m·∫°nh m·∫Ω, Tr·∫£i nghi·ªám ng∆∞·ªùi d√πng m∆∞·ª£t m√† v√† li·ªÅn m·∫°ch,  ",Nh√≥m M√†u:ƒêen,0
https://www.lazada.vn/products/dien-thoai-oppo-a58-6gb128gb-hang-chinh-hang-i2395322903.html,9***2Ch·ª©ng nh·∫≠n ƒë√£ mua h√†ng,"Ch√†o b·∫°n, OPPO ch√¢n th√†nh c·∫£m ∆°n b·∫°n ƒë√£ tin d√πng s·∫£n ph·∫©m. OPPO hy v·ªçng b·∫°n s·∫Ω y√™u th√≠ch v√† c√≥ nh·ªØng tr·∫£i nghi·ªám th·∫≠t t·ªët khi s·ª≠ d·ª•ng s·∫£n ph·∫©m ·∫°. N·∫øu c√≥ b·∫•t k·ª≥ th·∫Øc m·∫Øc n√†o, b·∫°n vui l√≤ng nh·∫Øn tin cho OPPO ƒë·ªÉ c√≥ th·ªÉ h·ªó tr·ª£ b·∫°n trong th·ªùi gian s·ªõm nh·∫•t nh√©. C·∫£m ∆°n b·∫°n",Nh√≥m M√†u:ƒêen,0
https://www.lazada.vn/products/dien-thoai-oppo-a58-6gb128gb-hang-chinh-hang-i2395322903.html,V***.Ch·ª©ng nh·∫≠n ƒë√£ mua h√†ng,"Ch·∫•t l∆∞·ª£ng camera tuy·ªát v·ªùi ƒë·ªÉ ghi l·∫°i nh·ªØng kho·∫£nh kh·∫Øc, Hi·ªáu su·∫•t nhanh ch√≥ng v√† hi·ªáu qu·∫£, Dung l∆∞·ª£ng l∆∞u tr·ªØ r·ªông r√£i 128GB,  ",Nh√≥m M√†u:ƒêen,0
https://www.lazada.vn/products/dien-thoai-oppo-a58-6gb128gb-hang-chinh-hang-i2395322903.html,5***6Ch·ª©ng nh·∫≠n ƒë√£ mua h√†ng,"Ch√†o b·∫°n, OPPO ch√¢n th√†nh c·∫£m ∆°n b·∫°n ƒë√£ tin d√πng s·∫£n ph·∫©m. OPPO hy v·ªçng b·∫°n s·∫Ω y√™u th√≠ch v√† c√≥ nh·ªØng tr·∫£i nghi·ªám th·∫≠t t·ªët khi s·ª≠ d·ª•ng s·∫£n ph·∫©m ·∫°. N·∫øu c√≥ b·∫•t k·ª≥ th·∫Øc m·∫Øc n√†o, b·∫°n vui l√≤ng nh·∫Øn tin cho OPPO ƒë·ªÉ c√≥ th·ªÉ h·ªó tr·ª£ b·∫°n trong th·ªùi gian s·ªõm nh·∫•t nh√©. C·∫£m ∆°n b·∫°n",Nh√≥m M√†u:ƒêen,0
https://www.lazada.vn/products/dien-thoai-oppo-a58-6gb128gb-hang-chinh-hang-i2395322903.html,T***.Ch·ª©ng nh·∫≠n ƒë√£ mua h√†ng,"m·∫´u ƒë·∫πp nha c·∫£ nh√†. ƒëi·ªán tho·∫°i ƒë·∫ßy ƒë·ªß linh ki·ªán, ch·∫°y r·∫•t m∆∞·ª£t. ",Nh√≥m M√†u:ƒêen,0
https://www.lazada.vn/products/dien-thoai-oppo-a58-6gb128gb-hang-chinh-hang-i2395322903.html,D***.Ch·ª©ng nh·∫≠n ƒë√£ mua h√†ng,"Ch√†o b·∫°n, OPPO ch√¢n th√†nh c·∫£m ∆°n b·∫°n ƒë√£ tin d√πng s·∫£n ph·∫©m. OPPO hy v·ªçng b·∫°n s·∫Ω y√™u th√≠ch v√† c√≥ nh·ªØng tr·∫£i nghi·ªám th·∫≠t t·ªët khi s·ª≠ d·ª•ng s·∫£n ph·∫©m ·∫°. N·∫øu c√≥ b·∫•t k·ª≥ th·∫Øc m·∫Øc n√†o, b·∫°n vui l√≤ng nh·∫Øn tin cho OPPO ƒë·ªÉ c√≥ th·ªÉ h·ªó tr·ª£ b·∫°n trong th·ªùi gian s·ªõm nh·∫•t nh√©. C·∫£m ∆°n b·∫°n",Nh√≥m M√†u:Xanh,0
https://www.lazada.vn/products/dien-thoai-oppo-a58-6gb128gb-hang-chinh-hang-i2395322903.html,V***.Ch·ª©ng nh·∫≠n ƒë√£ mua h√†ng,"B·ªô Th√¥ng tin v√† Truy·ªÅn th√¥ng khuy·∫øn c√°o ng∆∞·ªùi d√¢n n√¢ng cao c·∫£nh gi√°c, kh√¥ng chuy·ªÉn ti·ªÅn ho·∫∑c cung c·∫•p th√¥ng tin c√° nh√¢n cho ng∆∞·ªùi l·∫° qua ƒëi·ªán tho·∫°i. N·∫øu c√≥ hi·ªán t∆∞·ª£ng tr√™n, ƒë·ªÅ ngh·ªã tr√¨nh b√°o ngay cho c∆° quan C√¥ng an ƒë·ªÉ x·ª≠ l√Ω ho·∫∑c th√¥ng b√°o ƒë·∫øn s·ªë ƒëi·ªán tho·∫°i tr·ª±c ban h√¨nh s·ª± 0692348560 c·ªßa C·ª•c C·∫£nh s√°t h√¨nh s·ª± ƒë·ªÉ ƒë∆∞·ª£c h∆∞·ªõng d·∫´n k·ªãp th·ªùi. ",Nh√≥m M√†u:ƒêen,0
https://www.lazada.vn/products/dien-thoai-oppo-a58-6gb128gb-hang-chinh-hang-i2395322903.html,*******164Ch·ª©ng nh·∫≠n ƒë√£ mua h√†ng,"Ch√†o b·∫°n, OPPO ch√¢n th√†nh c·∫£m ∆°n b·∫°n ƒë√£ tin d√πng s·∫£n ph·∫©m. OPPO hy v·ªçng b·∫°n s·∫Ω y√™u th√≠ch v√† c√≥ nh·ªØng tr·∫£i nghi·ªám th·∫≠t t·ªët khi s·ª≠ d·ª•ng s·∫£n ph·∫©m ·∫°. N·∫øu c√≥ b·∫•t k·ª≥ th·∫Øc m·∫Øc n√†o, b·∫°n vui l√≤ng nh·∫Øn tin cho OPPO ƒë·ªÉ c√≥ th·ªÉ h·ªó tr·ª£ b·∫°n trong th·ªùi gian s·ªõm nh·∫•t nh√©. C·∫£m ∆°n b·∫°n",Nh√≥m M√†u:ƒêen,0
https://www.lazada.vn/products/dien-thoai-oppo-a58-6gb128gb-hang-chinh-hang-i2395322903.html,T***.Ch·ª©ng nh·∫≠n ƒë√£ mua h√†ng,"M√†n h√¨nh s·∫Øc n√©t v·ªõi ƒë·ªô ph√¢n gi·∫£i Full HD+, Ch·∫•t l∆∞·ª£ng camera tuy·ªát v·ªùi ƒë·ªÉ ghi l·∫°i nh·ªØng kho·∫£nh kh·∫Øc, 
Tr·ª´ ƒëi·ªÉm v√¨ thanh to√°n qua app ng√¢n h√†ng m√† ko cho ho√†n ti·ªÅn ",Nh√≥m M√†u:Xanh,0
https://www.lazada.vn/products/dien-thoai-oppo-a58-6gb128gb-hang-chinh-hang-i2395322903.html,L***gCh·ª©ng nh·∫≠n ƒë√£ mua h√†ng,"Ch√†o b·∫°n, OPPO ch√¢n th√†nh c·∫£m ∆°n b·∫°n ƒë√£ tin d√πng s·∫£n ph·∫©m. OPPO hy v·ªçng b·∫°n s·∫Ω y√™u th√≠ch v√† c√≥ nh·ªØng tr·∫£i nghi·ªám th·∫≠t t·ªët khi s·ª≠ d·ª•ng s·∫£n ph·∫©m ·∫°. N·∫øu c√≥ b·∫•t k·ª≥ th·∫Øc m·∫Øc n√†o, b·∫°n vui l√≤ng nh·∫Øn tin cho OPPO ƒë·ªÉ c√≥ th·ªÉ h·ªó tr·ª£ b·∫°n trong th·ªùi gian s·ªõm nh·∫•t nh√©. C·∫£m ∆°n b·∫°n",Nh√≥m M√†u:Xanh,0
https://www.lazada.vn/products/dien-thoai-oppo-a58-6gb128gb-hang-chinh-hang-i2395322903.html,Y·∫øn D.Ch·ª©ng nh·∫≠n ƒë√£ mua h√†ng,"s·∫£n ph·∫©m t·ªët, giao h√†ng nhanh, ship th√¢n thi·ªán, s·∫£n ph·∫©m ok, giao ƒë∆∞·ªùng xa v·∫´n b·ªçc c·∫©n th·∫≠n ",Nh√≥m M√†u:Xanh,0
https://www.lazada.vn/products/dien-thoai-oppo-a58-6gb128gb-hang-chinh-hang-i2395322903.html,ùîóùîòùîëùîâCh·ª©ng nh·∫≠n ƒë√£ mua h√†ng,"Ch√†o b·∫°n, OPPO ch√¢n th√†nh c·∫£m ∆°n b·∫°n ƒë√£ tin d√πng s·∫£n ph·∫©m. OPPO hy v·ªçng b·∫°n s·∫Ω y√™u th√≠ch v√† c√≥ nh·ªØng tr·∫£i nghi·ªám th·∫≠t t·ªët khi s·ª≠ d·ª•ng s·∫£n ph·∫©m ·∫°. N·∫øu c√≥ b·∫•t k·ª≥ th·∫Øc m·∫Øc n√†o, b·∫°n vui l√≤ng nh·∫Øn tin cho OPPO ƒë·ªÉ c√≥ th·ªÉ h·ªó tr·ª£ b·∫°n trong th·ªùi gian s·ªõm nh·∫•t nh√©. C·∫£m ∆°n b·∫°n",Nh√≥m M√†u:Xanh,0
https://www.lazada.vn/products/dien-thoai-oppo-a58-6gb128gb-hang-chinh-hang-i2395322903.html,B·∫£o B.Ch·ª©ng nh·∫≠n ƒë√£ mua h√†ng,"Thi·∫øt k·∫ø m·ªèng nh·∫π v√† sang tr·ªçng, Dung l∆∞·ª£ng l∆∞u tr·ªØ r·ªông r√£i 128GB, Hai khe c·∫Øm SIM cho ti·ªán l·ª£i, Th·ªùi l∆∞·ª£ng pin l√¢u d√†i, Ch·∫•t l∆∞·ª£ng camera tuy·ªát v·ªùi ƒë·ªÉ ghi l·∫°i nh·ªØng kho·∫£nh kh·∫Øc,  ",Nh√≥m M√†u:Xanh,0
https://www.lazada.vn/products/dien-thoai-oppo-a58-6gb128gb-hang-chinh-hang-i2395322903.html,m***.Ch·ª©ng nh·∫≠n ƒë√£ mua h√†ng,"Ch√†o b·∫°n, OPPO ch√¢n th√†nh c·∫£m ∆°n b·∫°n ƒë√£ tin d√πng s·∫£n ph·∫©m. OPPO hy v·ªçng b·∫°n s·∫Ω y√™u th√≠ch v√† c√≥ nh·ªØng tr·∫£i nghi·ªám th·∫≠t t·ªët khi s·ª≠ d·ª•ng s·∫£n ph·∫©m ·∫°. N·∫øu c√≥ b·∫•t k·ª≥ th·∫Øc m·∫Øc n√†o, b·∫°n vui l√≤ng nh·∫Øn tin cho OPPO ƒë·ªÉ c√≥ th·ªÉ h·ªó tr·ª£ b·∫°n trong th·ªùi gian s·ªõm nh·∫•t nh√©. C·∫£m ∆°n b·∫°n",Nh√≥m M√†u:Xanh,0
https://www.lazada.vn/products/dien-thoai-oppo-a58-6gb128gb-hang-chinh-hang-i2395322903.html,kh√°nh L.Ch·ª©ng nh·∫≠n ƒë√£ mua h√†ng,"Tr·∫£i nghi·ªám ng∆∞·ªùi d√πng m∆∞·ª£t m√† v√† li·ªÅn m·∫°ch, Hi·ªáu su·∫•t nhanh ch√≥ng v√† hi·ªáu qu·∫£,  ",Nh√≥m M√†u:Xanh,0
https://www.lazada.vn/products/dien-thoai-oppo-a58-6gb128gb-hang-chinh-hang-i2395322903.html,P***.Ch·ª©ng nh·∫≠n ƒë√£ mua h√†ng,"Ch√†o b·∫°n, OPPO ch√¢n th√†nh c·∫£m ∆°n b·∫°n ƒë√£ tin d√πng s·∫£n ph·∫©m. OPPO hy v·ªçng b·∫°n s·∫Ω y√™u th√≠ch v√† c√≥ nh·ªØng tr·∫£i nghi·ªám th·∫≠t t·ªët khi s·ª≠ d·ª•ng s·∫£n ph·∫©m ·∫°. N·∫øu c√≥ b·∫•t k·ª≥ th·∫Øc m·∫Øc n√†o, b·∫°n vui l√≤ng nh·∫Øn tin cho OPPO ƒë·ªÉ c√≥ th·ªÉ h·ªó tr·ª£ b·∫°n trong th·ªùi gian s·ªõm nh·∫•t nh√©. C·∫£m ∆°n b·∫°n",Nh√≥m M√†u:ƒêen,0
https://www.lazada.vn/products/dien-thoai-oppo-a58-6gb128gb-hang-chinh-hang-i2395322903.html,Huy C.Ch·ª©ng nh·∫≠n ƒë√£ mua h√†ng,"Hai khe c·∫Øm SIM cho ti·ªán l·ª£i, M√†n h√¨nh s·∫Øc n√©t v·ªõi ƒë·ªô ph√¢n gi·∫£i Full HD+, Ch·∫•t l∆∞·ª£ng camera tuy·ªát v·ªùi ƒë·ªÉ ghi l·∫°i nh·ªØng kho·∫£nh kh·∫Øc, Hai khe c·∫Øm SIM cho ti·ªán l·ª£i,  ",Nh√≥m M√†u:ƒêen,0
https://www.lazada.vn/products/dien-thoai-oppo-a58-6gb128gb-hang-chinh-hang-i2395322903.html,T***.Ch·ª©ng nh·∫≠n ƒë√£ mua h√†ng,"Ch√†o b·∫°n, OPPO ch√¢n th√†nh c·∫£m ∆°n b·∫°n ƒë√£ tin d√πng s·∫£n ph·∫©m. OPPO hy v·ªçng b·∫°n s·∫Ω y√™u th√≠ch v√† c√≥ nh·ªØng tr·∫£i nghi·ªám th·∫≠t t·ªët khi s·ª≠ d·ª•ng s·∫£n ph·∫©m ·∫°. N·∫øu c√≥ b·∫•t k·ª≥ th·∫Øc m·∫Øc n√†o, b·∫°n vui l√≤ng nh·∫Øn tin cho OPPO ƒë·ªÉ c√≥ th·ªÉ h·ªó tr·ª£ b·∫°n trong th·ªùi gian s·ªõm nh·∫•t nh√©. C·∫£m ∆°n b·∫°n",Nh√≥m M√†u:ƒêen,0
https://www.lazada.vn/products/voucher-bao-sieu-khung-nhan-iphone-13-promax-256gb-e-sticker-i2632094176.html,0***2Ch·ª©ng nh·∫≠n ƒë√£ mua h√†ng,ip13 prm grey ƒë·∫πp xu·∫•t s·∫Øc lu√¥n shop  ,Ph√¢n Lo·∫°i S·∫£n Ph·∫©m:13,0
https://www.lazada.vn/products/voucher-bao-sieu-khung-nhan-iphone-13-promax-256gb-e-sticker-i2632094176.html,Minh H.Ch·ª©ng nh·∫≠n ƒë√£ mua h√†ng,m√¨nh mu·ªëng m√†u t√≠m  nha shop ,Ph√¢n Lo·∫°i S·∫£n Ph·∫©m:1,0
https://www.lazada.vn/products/voucher-bao-sieu-khung-nhan-iphone-13-promax-256gb-e-sticker-i2632094176.html,Be R.Ch·ª©ng nh·∫≠n ƒë√£ mua h√†ng,"Ch·∫•t li·ªáu:
k dung san ph·∫©m ",Ph√¢n Lo·∫°i S·∫£n Ph·∫©m:1,0
https://www.lazada.vn/products/voucher-bao-sieu-khung-nhan-iphone-13-promax-256gb-e-sticker-i2632094176.html,0***2Ch·ª©ng nh·∫≠n ƒë√£ mua h√†ng,ip13 prm grey ƒë·∫πp xu·∫•t s·∫Øc lu√¥n shop  ,Ph√¢n Lo·∫°i S·∫£n Ph·∫©m:13,0
https://www.lazada.vn/products/voucher-bao-sieu-khung-nhan-iphone-13-promax-256gb-e-sticker-i2632094176.html,Minh H.Ch·ª©ng nh·∫≠n ƒë√£ mua h√†ng,m√¨nh mu·ªëng m√†u t√≠m  nha shop ,Ph√¢n Lo·∫°i S·∫£n Ph·∫©m:1,0
https://www.lazada.vn/products/voucher-bao-sieu-khung-nhan-iphone-13-promax-256gb-e-sticker-i2632094176.html,Be R.Ch·ª©ng nh·∫≠n ƒë√£ mua h√†ng,"Ch·∫•t li·ªáu:
k dung san ph·∫©m ",Ph√¢n Lo·∫°i S·∫£n Ph·∫©m:1,0
https://www.lazada.vn/products/voucher-bao-sieu-khung-nhan-iphone-13-promax-256gb-e-sticker-i2632094176.html,0***2Ch·ª©ng nh·∫≠n ƒë√£ mua h√†ng,ip13 prm grey ƒë·∫πp xu·∫•t s·∫Øc lu√¥n shop  ,Ph√¢n Lo·∫°i S·∫£n Ph·∫©m:13,0
https://www.lazada.vn/products/voucher-bao-sieu-khung-nhan-iphone-13-promax-256gb-e-sticker-i2632094176.html,Minh H.Ch·ª©ng nh·∫≠n ƒë√£ mua h√†ng,m√¨nh mu·ªëng m√†u t√≠m  nha shop ,Ph√¢n Lo·∫°i S·∫£n Ph·∫©m:1,0
https://www.lazada.vn/products/voucher-bao-sieu-khung-nhan-iphone-13-promax-256gb-e-sticker-i2632094176.html,Be R.Ch·ª©ng nh·∫≠n ƒë√£ mua h√†ng,"Ch·∫•t li·ªáu:
k dung san ph·∫©m ",Ph√¢n Lo·∫°i S·∫£n Ph·∫©m:1,0
https://www.lazada.vn/products/voucher-bao-sieu-khung-nhan-iphone-13-promax-256gb-e-sticker-i2632094176.html,0***2Ch·ª©ng nh·∫≠n ƒë√£ mua h√†ng,ip13 prm grey ƒë·∫πp xu·∫•t s·∫Øc lu√¥n shop  ,Ph√¢n Lo·∫°i S·∫£n Ph·∫©m:13,0
https://www.lazada.vn/products/voucher-bao-sieu-khung-nhan-iphone-13-promax-256gb-e-sticker-i2632094176.html,Minh H.Ch·ª©ng nh·∫≠n ƒë√£ mua h√†ng,m√¨nh mu·ªëng m√†u t√≠m  nha shop ,Ph√¢n Lo·∫°i S·∫£n Ph·∫©m:1,0
https://www.lazada.vn/products/voucher-bao-sieu-khung-nhan-iphone-13-promax-256gb-e-sticker-i2632094176.html,Be R.Ch·ª©ng nh·∫≠n ƒë√£ mua h√†ng,"Ch·∫•t li·ªáu:
k dung san ph·∫©m ",Ph√¢n Lo·∫°i S·∫£n Ph·∫©m:1,0
https://www.lazada.vn/products/voucher-bao-sieu-khung-nhan-iphone-13-promax-256gb-e-sticker-i2632094176.html,0***2Ch·ª©ng nh·∫≠n ƒë√£ mua h√†ng,ip13 prm grey ƒë·∫πp xu·∫•t s·∫Øc lu√¥n shop  ,Ph√¢n Lo·∫°i S·∫£n Ph·∫©m:13,0
https://www.lazada.vn/products/voucher-bao-sieu-khung-nhan-iphone-13-promax-256gb-e-sticker-i2632094176.html,Minh H.Ch·ª©ng nh·∫≠n ƒë√£ mua h√†ng,m√¨nh mu·ªëng m√†u t√≠m  nha shop ,Ph√¢n Lo·∫°i S·∫£n Ph·∫©m:1,0
https://www.lazada.vn/products/voucher-bao-sieu-khung-nhan-iphone-13-promax-256gb-e-sticker-i2632094176.html,Be R.Ch·ª©ng nh·∫≠n ƒë√£ mua h√†ng,"Ch·∫•t li·ªáu:
k dung san ph·∫©m ",Ph√¢n Lo·∫°i S·∫£n Ph·∫©m:1,0
https://www.lazada.vn/products/voucher-bao-sieu-khung-nhan-iphone-13-promax-256gb-e-sticker-i2632094176.html,0***2Ch·ª©ng nh·∫≠n ƒë√£ mua h√†ng,Mong shop m·ªü th√™m nhi√™u voucher khuy·∫øn m√£i n·ªØa cho m·ªçi ng∆∞·ªùi ·∫°  ,Ph√¢n Lo·∫°i S·∫£n Ph·∫©m:11,0
https://www.lazada.vn/products/voucher-bao-sieu-khung-nhan-iphone-13-promax-256gb-e-sticker-i2632094176.html,0***2Ch·ª©ng nh·∫≠n ƒë√£ mua h√†ng,Ban ƒë·∫ßu em kh√¥ng tin ƒë√¢u nh·∫≠n h√†ng m·ªõi hi·∫øt m√¨nh vui th·∫≠t ,Ph√¢n Lo·∫°i S·∫£n Ph·∫©m:7,0
https://www.lazada.vn/products/voucher-bao-sieu-khung-nhan-iphone-13-promax-256gb-e-sticker-i2632094176.html,0***2Ch·ª©ng nh·∫≠n ƒë√£ mua h√†ng,K ng·ªù e nh·∫≠n ƒë∆∞·ª£c ip13 c·ªßa shop c·∫£m ∆°n shop r·∫•t nhi·ªÅu ·∫°  ,Ph√¢n Lo·∫°i S·∫£n Ph·∫©m:10,0
https://www.lazada.vn/products/voucher-bao-sieu-khung-nhan-iphone-13-promax-256gb-e-sticker-i2632094176.html,0***2Ch·ª©ng nh·∫≠n ƒë√£ mua h√†ng,Voucher khuy·∫øn m√£i uy t√≠n c·∫£m ∆°n shop r·∫•t l√† nhi·ªÅu ,Ph√¢n Lo·∫°i S·∫£n Ph·∫©m:16,0
https://www.lazada.vn/products/voucher-bao-sieu-khung-nhan-iphone-13-promax-256gb-e-sticker-i2632094176.html,Nguyen S.Ch·ª©ng nh·∫≠n ƒë√£ mua h√†ng,m√¨nh mong mu·ªën nh·∫≠n ƒëc iphone  13 promax m√†u xanh ,Ph√¢n Lo·∫°i S·∫£n Ph·∫©m:1,0
https://www.lazada.vn/products/voucher-bao-sieu-khung-nhan-iphone-13-promax-256gb-e-sticker-i2632094176.html,0***2Ch·ª©ng nh·∫≠n ƒë√£ mua h√†ng,Feedback cho shop uy t√≠n qu√° shop ,Ph√¢n Lo·∫°i S·∫£n Ph·∫©m:19,0
https://www.lazada.vn/products/voucher-bao-sieu-khung-nhan-iphone-13-promax-256gb-e-sticker-i2632094176.html,0***2Ch·ª©ng nh·∫≠n ƒë√£ mua h√†ng,M√°y r·∫•t ƒë·∫πp shop ∆°i. Like ,Ph√¢n Lo·∫°i S·∫£n Ph·∫©m:18,0
https://www.lazada.vn/products/voucher-bao-sieu-khung-nhan-iphone-13-promax-256gb-e-sticker-i2632094176.html,0***2Ch·ª©ng nh·∫≠n ƒë√£ mua h√†ng,Shop m·ªü nhi·ªÅu ch∆∞∆°ng tr√¨nh khuy·∫øn m√£i nh∆∞ th·∫ø n√†y ƒë·ªÉ m·ªçi ng∆∞·ªùi c√πng tham gia nh√© ,Ph√¢n Lo·∫°i S·∫£n Ph·∫©m:12,1
https://www.lazada.vn/products/voucher-bao-sieu-khung-nhan-iphone-13-promax-256gb-e-sticker-i2632094176.html,0***2Ch·ª©ng nh·∫≠n ƒë√£ mua h√†ng,C·∫£m ∆°n b·∫°n voucher uy t√≠n th·∫≠t m√¨nh nh·∫≠n ƒë∆∞·ª£c ƒëi·ªán tho·∫°i r·ªìi ƒë√∫ng nh∆∞ shop  ,Ph√¢n Lo·∫°i S·∫£n Ph·∫©m:1,0
https://www.lazada.vn/products/voucher-bao-sieu-khung-nhan-iphone-13-promax-256gb-e-sticker-i2632094176.html,0***2Ch·ª©ng nh·∫≠n ƒë√£ mua h√†ng,C·∫£m ∆°n shop ƒë√£ m·ªü nh·ªØng ch∆∞∆°ng tr√¨nh khuy·∫øn m√£i n∆∞u th·∫ø n√†y . Then c√¨u ,Ph√¢n Lo·∫°i S·∫£n Ph·∫©m:6,0
https://www.lazada.vn/products/voucher-bao-sieu-khung-nhan-iphone-13-promax-256gb-e-sticker-i2632094176.html,0***2Ch·ª©ng nh·∫≠n ƒë√£ mua h√†ng,M√°y ƒë·∫πp c·∫£m ∆°n shop ƒë√°nh gi√° r·∫•t cao v·ªÅ c√°c ho·∫°t ƒë·ªông khuy·∫øn m√£i ,Ph√¢n Lo·∫°i S·∫£n Ph·∫©m:8,0
https://www.lazada.vn/products/voucher-bao-sieu-khung-nhan-iphone-13-promax-256gb-e-sticker-i2632094176.html,0***2Ch·ª©ng nh·∫≠n ƒë√£ mua h√†ng,Ban ƒë·∫ßu aminhf k tin ƒë√¢u . Nh·∫≠n ƒëc voucher r·ªìi m·ªõi bi·∫øt th·∫≠t ·∫°  ,Ph√¢n Lo·∫°i S·∫£n Ph·∫©m:3,0
https://www.lazada.vn/products/voucher-bao-sieu-khung-nhan-iphone-13-promax-256gb-e-sticker-i2632094176.html,0***2Ch·ª©ng nh·∫≠n ƒë√£ mua h√†ng,D·∫° e r·∫•t vui m·ª´ng lu√¥n c·∫£m ∆°n shop ch√∫c shop mua may b√°n ƒë·∫Øt ,Ph√¢n Lo·∫°i S·∫£n Ph·∫©m:4,0
https://www.lazada.vn/products/voucher-bao-sieu-khung-nhan-iphone-13-promax-256gb-e-sticker-i2632094176.html,0***2Ch·ª©ng nh·∫≠n ƒë√£ mua h√†ng,C·∫£m ∆°n shop r·∫•t l√† nhi·ªÅu lu√¥n . 5 sao k c√≥ nh∆∞ng shop ∆°i ,Ph√¢n Lo·∫°i S·∫£n Ph·∫©m:9,0
https://www.lazada.vn/products/voucher-bao-sieu-khung-nhan-iphone-13-promax-256gb-e-sticker-i2632094176.html,0***2Ch·ª©ng nh·∫≠n ƒë√£ mua h√†ng,M√°y ƒë·∫πp . Tin t∆∞·ªüng r·∫•t l√† nhi·ªÅu lu√¥n shop ∆°i ,Ph√¢n Lo·∫°i S·∫£n Ph·∫©m:15,0
https://www.lazada.vn/products/voucher-bao-sieu-khung-nhan-iphone-13-promax-256gb-e-sticker-i2632094176.html,0***2Ch·ª©ng nh·∫≠n ƒë√£ mua h√†ng,Em nh·∫≠n ƒë∆∞·ª£c m√°y r·ªìi e vui qu√° c·∫£m ∆°n shop ƒë√£ uy t√≠n cho t·ª•i e nh·∫≠n nh·ªØng voucher h·∫•p d·∫´n,Ph√¢n Lo·∫°i S·∫£n Ph·∫©m:5,0
https://www.lazada.vn/products/voucher-bao-sieu-khung-nhan-iphone-13-promax-256gb-e-sticker-i2632094176.html,0***2Ch·ª©ng nh·∫≠n ƒë√£ mua h√†ng,Em nh·∫≠n ƒë∆∞·ª£c s·∫£n ph·∫©m r e  r·∫•t vui c·∫£m ∆°n shop . Ch√∫c shop mua may b√°n ƒë·∫Øt h√¥ng ph√°t,Ph√¢n Lo·∫°i S·∫£n Ph·∫©m:20,1
https://www.lazada.vn/products/voucher-bao-sieu-khung-nhan-iphone-13-promax-256gb-e-sticker-i2632094176.html,0***2Ch·ª©ng nh·∫≠n ƒë√£ mua h√†ng,C·∫£m ∆°n shop r·∫•t nhi·ªÅu c·∫£m ∆°n shop ƒë√£ c√≥ ch∆∞∆°ng tr√¨nh khuy·∫øn m√£i ƒë·∫∑c bi·ªát nh∆∞ v·∫≠y,Ph√¢n Lo·∫°i S·∫£n Ph·∫©m:17,1
https://www.lazada.vn/products/voucher-bao-sieu-khung-nhan-iphone-13-promax-256gb-e-sticker-i2632094176.html,0***2Ch·ª©ng nh·∫≠n ƒë√£ mua h√†ng,Cho shop 5 sao v·ªÅ ƒë·ªô uy t√≠n v√† ch·∫•t l∆∞·ª£ng m√°y ƒë√∫ng nh∆∞ ch√≠nh h√£ng,Ph√¢n Lo·∫°i S·∫£n Ph·∫©m:2,0
https://www.lazada.vn/products/voucher-bao-sieu-khung-nhan-iphone-13-promax-256gb-e-sticker-i2632094176.html,0***2Ch·ª©ng nh·∫≠n ƒë√£ mua h√†ng,Khuy·∫øn m√£i ƒë·∫øn n·ªïi k th·ªÉ tin ƒë∆∞·ª£c lu√¥n c·∫£m ∆°n shop r·∫•t l√† nhi·ªÅu ·∫°,Ph√¢n Lo·∫°i S·∫£n Ph·∫©m:14,0
https://www.lazada.vn/products/voucher-nhan-iphone-14-promax-1tb-e-sticker-so-luong-co-han-i2632307418.html,0***2Ch·ª©ng nh·∫≠n ƒë√£ mua h√†ng,C·∫£m ∆°n shop r·∫•t l√† nhi·ªÅu v·ªÅ ƒë·ªô ƒë√°ng tin c·∫≠y ·∫° ,Ph√¢n Lo·∫°i S·∫£n Ph·∫©m:4,0
https://www.lazada.vn/products/voucher-nhan-iphone-14-promax-1tb-e-sticker-so-luong-co-han-i2632307418.html,0***2Ch·ª©ng nh·∫≠n ƒë√£ mua h√†ng,ƒê√°nh gi√° shop r·∫•t uy t√≠n v·ªÅ ch·∫•t ch·∫•t l∆∞·ª£ng ,Ph√¢n Lo·∫°i S·∫£n Ph·∫©m:16,0
https://www.lazada.vn/products/voucher-nhan-iphone-14-promax-1tb-e-sticker-so-luong-co-han-i2632307418.html,0***2Ch·ª©ng nh·∫≠n ƒë√£ mua h√†ng,M√¨nh s·∫Ω ·ªßng h·ªçi shop th·∫≠t nhi·ªÅu h∆°n n·ªØa nh√© ,Ph√¢n Lo·∫°i S·∫£n Ph·∫©m:18,0
https://www.lazada.vn/products/voucher-nhan-iphone-14-promax-1tb-e-sticker-so-luong-co-han-i2632307418.html,0***2Ch·ª©ng nh·∫≠n ƒë√£ mua h√†ng,Shop qu√° uy t√≠n ƒë√°nh gi√° 5 sao nha  ,Ph√¢n Lo·∫°i S·∫£n Ph·∫©m:2,0
https://www.lazada.vn/products/voucher-nhan-iphone-14-promax-1tb-e-sticker-so-luong-co-han-i2632307418.html,0***2Ch·ª©ng nh·∫≠n ƒë√£ mua h√†ng,Uy t√≠n qu√° shop ∆°i ,Ph√¢n Lo·∫°i S·∫£n Ph·∫©m:12,0
https://www.lazada.vn/products/voucher-nhan-iphone-14-promax-1tb-e-sticker-so-luong-co-han-i2632307418.html,0***2Ch·ª©ng nh·∫≠n ƒë√£ mua h√†ng,C·∫£m ∆°n shop r·∫•t l√† nhi·ªÅu v·ªÅ ƒë·ªô ƒë√°ng tin c·∫≠y ·∫° ,Ph√¢n Lo·∫°i S·∫£n Ph·∫©m:4,0
https://www.lazada.vn/products/voucher-nhan-iphone-14-promax-1tb-e-sticker-so-luong-co-han-i2632307418.html,0***2Ch·ª©ng nh·∫≠n ƒë√£ mua h√†ng,ƒê√°nh gi√° shop r·∫•t uy t√≠n v·ªÅ ch·∫•t ch·∫•t l∆∞·ª£ng ,Ph√¢n Lo·∫°i S·∫£n Ph·∫©m:16,0
https://www.lazada.vn/products/voucher-nhan-iphone-14-promax-1tb-e-sticker-so-luong-co-han-i2632307418.html,0***2Ch·ª©ng nh·∫≠n ƒë√£ mua h√†ng,M√¨nh s·∫Ω ·ªßng h·ªçi shop th·∫≠t nhi·ªÅu h∆°n n·ªØa nh√© ,Ph√¢n Lo·∫°i S·∫£n Ph·∫©m:18,0
https://www.lazada.vn/products/voucher-nhan-iphone-14-promax-1tb-e-sticker-so-luong-co-han-i2632307418.html,0***2Ch·ª©ng nh·∫≠n ƒë√£ mua h√†ng,Shop qu√° uy t√≠n ƒë√°nh gi√° 5 sao nha  ,Ph√¢n Lo·∫°i S·∫£n Ph·∫©m:2,0
https://www.lazada.vn/products/voucher-nhan-iphone-14-promax-1tb-e-sticker-so-luong-co-han-i2632307418.html,0***2Ch·ª©ng nh·∫≠n ƒë√£ mua h√†ng,Uy t√≠n qu√° shop ∆°i ,Ph√¢n Lo·∫°i S·∫£n Ph·∫©m:12,0
https://www.lazada.vn/products/voucher-nhan-iphone-14-promax-1tb-e-sticker-so-luong-co-han-i2632307418.html,0***2Ch·ª©ng nh·∫≠n ƒë√£ mua h√†ng,C·∫£m ∆°n shop r·∫•t l√† nhi·ªÅu v·ªÅ ƒë·ªô ƒë√°ng tin c·∫≠y ·∫° ,Ph√¢n Lo·∫°i S·∫£n Ph·∫©m:4,0
https://www.lazada.vn/products/voucher-nhan-iphone-14-promax-1tb-e-sticker-so-luong-co-han-i2632307418.html,0***2Ch·ª©ng nh·∫≠n ƒë√£ mua h√†ng,ƒê√°nh gi√° shop r·∫•t uy t√≠n v·ªÅ ch·∫•t ch·∫•t l∆∞·ª£ng ,Ph√¢n Lo·∫°i S·∫£n Ph·∫©m:16,0
https://www.lazada.vn/products/voucher-nhan-iphone-14-promax-1tb-e-sticker-so-luong-co-han-i2632307418.html,0***2Ch·ª©ng nh·∫≠n ƒë√£ mua h√†ng,M√¨nh s·∫Ω ·ªßng h·ªçi shop th·∫≠t nhi·ªÅu h∆°n n·ªØa nh√© ,Ph√¢n Lo·∫°i S·∫£n Ph·∫©m:18,0
https://www.lazada.vn/products/voucher-nhan-iphone-14-promax-1tb-e-sticker-so-luong-co-han-i2632307418.html,0***2Ch·ª©ng nh·∫≠n ƒë√£ mua h√†ng,Shop qu√° uy t√≠n ƒë√°nh gi√° 5 sao nha  ,Ph√¢n Lo·∫°i S·∫£n Ph·∫©m:2,0
https://www.lazada.vn/products/voucher-nhan-iphone-14-promax-1tb-e-sticker-so-luong-co-han-i2632307418.html,0***2Ch·ª©ng nh·∫≠n ƒë√£ mua h√†ng,Uy t√≠n qu√° shop ∆°i ,Ph√¢n Lo·∫°i S·∫£n Ph·∫©m:12,0
https://www.lazada.vn/products/voucher-nhan-iphone-14-promax-1tb-e-sticker-so-luong-co-han-i2632307418.html,0***2Ch·ª©ng nh·∫≠n ƒë√£ mua h√†ng,C·∫£m ∆°n shop r·∫•t l√† nhi·ªÅu v·ªÅ ƒë·ªô ƒë√°ng tin c·∫≠y ·∫° ,Ph√¢n Lo·∫°i S·∫£n Ph·∫©m:4,0
https://www.lazada.vn/products/voucher-nhan-iphone-14-promax-1tb-e-sticker-so-luong-co-han-i2632307418.html,0***2Ch·ª©ng nh·∫≠n ƒë√£ mua h√†ng,ƒê√°nh gi√° shop r·∫•t uy t√≠n v·ªÅ ch·∫•t ch·∫•t l∆∞·ª£ng ,Ph√¢n Lo·∫°i S·∫£n Ph·∫©m:16,0
https://www.lazada.vn/products/voucher-nhan-iphone-14-promax-1tb-e-sticker-so-luong-co-han-i2632307418.html,0***2Ch·ª©ng nh·∫≠n ƒë√£ mua h√†ng,M√¨nh s·∫Ω ·ªßng h·ªçi shop th·∫≠t nhi·ªÅu h∆°n n·ªØa nh√© ,Ph√¢n Lo·∫°i S·∫£n Ph·∫©m:18,0
https://www.lazada.vn/products/voucher-nhan-iphone-14-promax-1tb-e-sticker-so-luong-co-han-i2632307418.html,0***2Ch·ª©ng nh·∫≠n ƒë√£ mua h√†ng,Shop qu√° uy t√≠n ƒë√°nh gi√° 5 sao nha  ,Ph√¢n Lo·∫°i S·∫£n Ph·∫©m:2,0
https://www.lazada.vn/products/voucher-nhan-iphone-14-promax-1tb-e-sticker-so-luong-co-han-i2632307418.html,0***2Ch·ª©ng nh·∫≠n ƒë√£ mua h√†ng,Uy t√≠n qu√° shop ∆°i ,Ph√¢n Lo·∫°i S·∫£n Ph·∫©m:12,0
https://www.lazada.vn/products/voucher-nhan-iphone-14-promax-1tb-e-sticker-so-luong-co-han-i2632307418.html,0***2Ch·ª©ng nh·∫≠n ƒë√£ mua h√†ng,C·∫£m ∆°n shop r·∫•t l√† nhi·ªÅu v·ªÅ ƒë·ªô ƒë√°ng tin c·∫≠y ·∫° ,Ph√¢n Lo·∫°i S·∫£n Ph·∫©m:4,0
https://www.lazada.vn/products/voucher-nhan-iphone-14-promax-1tb-e-sticker-so-luong-co-han-i2632307418.html,0***2Ch·ª©ng nh·∫≠n ƒë√£ mua h√†ng,ƒê√°nh gi√° shop r·∫•t uy t√≠n v·ªÅ ch·∫•t ch·∫•t l∆∞·ª£ng ,Ph√¢n Lo·∫°i S·∫£n Ph·∫©m:16,0
https://www.lazada.vn/products/voucher-nhan-iphone-14-promax-1tb-e-sticker-so-luong-co-han-i2632307418.html,0***2Ch·ª©ng nh·∫≠n ƒë√£ mua h√†ng,M√¨nh s·∫Ω ·ªßng h·ªçi shop th·∫≠t nhi·ªÅu h∆°n n·ªØa nh√© ,Ph√¢n Lo·∫°i S·∫£n Ph·∫©m:18,0
https://www.lazada.vn/products/voucher-nhan-iphone-14-promax-1tb-e-sticker-so-luong-co-han-i2632307418.html,0***2Ch·ª©ng nh·∫≠n ƒë√£ mua h√†ng,Shop qu√° uy t√≠n ƒë√°nh gi√° 5 sao nha  ,Ph√¢n Lo·∫°i S·∫£n Ph·∫©m:2,0
https://www.lazada.vn/products/voucher-nhan-iphone-14-promax-1tb-e-sticker-so-luong-co-han-i2632307418.html,0***2Ch·ª©ng nh·∫≠n ƒë√£ mua h√†ng,Uy t√≠n qu√° shop ∆°i ,Ph√¢n Lo·∫°i S·∫£n Ph·∫©m:12,0
https://www.lazada.vn/products/voucher-nhan-iphone-14-promax-1tb-e-sticker-so-luong-co-han-i2632307418.html,0***2Ch·ª©ng nh·∫≠n ƒë√£ mua h√†ng,C·∫£m ∆°n shop r·∫•t l√† nhi·ªÅu v·ªÅ ƒë·ªô ƒë√°ng tin c·∫≠y ·∫° ,Ph√¢n Lo·∫°i S·∫£n Ph·∫©m:4,0
https://www.lazada.vn/products/voucher-nhan-iphone-14-promax-1tb-e-sticker-so-luong-co-han-i2632307418.html,0***2Ch·ª©ng nh·∫≠n ƒë√£ mua h√†ng,ƒê√°nh gi√° shop r·∫•t uy t√≠n v·ªÅ ch·∫•t ch·∫•t l∆∞·ª£ng ,Ph√¢n Lo·∫°i S·∫£n Ph·∫©m:16,0
https://www.lazada.vn/products/voucher-nhan-iphone-14-promax-1tb-e-sticker-so-luong-co-han-i2632307418.html,0***2Ch·ª©ng nh·∫≠n ƒë√£ mua h√†ng,M√¨nh s·∫Ω ·ªßng h·ªçi shop th·∫≠t nhi·ªÅu h∆°n n·ªØa nh√© ,Ph√¢n Lo·∫°i S·∫£n Ph·∫©m:18,0
https://www.lazada.vn/products/voucher-nhan-iphone-14-promax-1tb-e-sticker-so-luong-co-han-i2632307418.html,0***2Ch·ª©ng nh·∫≠n ƒë√£ mua h√†ng,Shop qu√° uy t√≠n ƒë√°nh gi√° 5 sao nha  ,Ph√¢n Lo·∫°i S·∫£n Ph·∫©m:2,0
https://www.lazada.vn/products/voucher-nhan-iphone-14-promax-1tb-e-sticker-so-luong-co-han-i2632307418.html,0***2Ch·ª©ng nh·∫≠n ƒë√£ mua h√†ng,Uy t√≠n qu√° shop ∆°i ,Ph√¢n Lo·∫°i S·∫£n Ph·∫©m:12,0
https://www.lazada.vn/products/voucher-nhan-iphone-14-promax-1tb-e-sticker-so-luong-co-han-i2632307418.html,0***2Ch·ª©ng nh·∫≠n ƒë√£ mua h√†ng,M√°y ƒë·∫πp l·∫Øm ·∫° . Em c·∫£m ∆°n shop r·∫•t nhi·ªÅu ·∫°  ,Ph√¢n Lo·∫°i S·∫£n Ph·∫©m:15,0
https://www.lazada.vn/products/voucher-nhan-iphone-14-promax-1tb-e-sticker-so-luong-co-han-i2632307418.html,0***2Ch·ª©ng nh·∫≠n ƒë√£ mua h√†ng,M√¨nh nh·∫≠n ƒëc r ·∫° . C·∫£m ∆°n shop r·∫•t nhi·ªÅu ,Ph√¢n Lo·∫°i S·∫£n Ph·∫©m:6,0
https://www.lazada.vn/products/voucher-nhan-iphone-14-promax-1tb-e-sticker-so-luong-co-han-i2632307418.html,0***2Ch·ª©ng nh·∫≠n ƒë√£ mua h√†ng,Mong shop s·∫Ω c√≥ nhi·ªÅu ho·∫°t ƒë·ªông khuy·∫øn voucher t·∫∑ng qu√† cho m·ªçi ng∆∞·ªùi nhi·ªÅu nh∆∞ th·∫ø n√†y n·ªØa ·∫°  ,Ph√¢n Lo·∫°i S·∫£n Ph·∫©m:17,0
https://www.lazada.vn/products/voucher-nhan-iphone-14-promax-1tb-e-sticker-so-luong-co-han-i2632307418.html,0***2Ch·ª©ng nh·∫≠n ƒë√£ mua h√†ng,Voucher khuy·∫øn m√£i nhi·ªÅu h·∫•p d·∫´n c·∫£m ∆°n shop ƒë√£ c√≥ nhi·ªÅu ho·∫°t ƒë·ªông nh∆∞ th·∫ø n√†y ,Ph√¢n Lo·∫°i S·∫£n Ph·∫©m:19,0
https://www.lazada.vn/products/voucher-nhan-iphone-14-promax-1tb-e-sticker-so-luong-co-han-i2632307418.html,0***2Ch·ª©ng nh·∫≠n ƒë√£ mua h√†ng,Mong shop m·ªü khuy·∫øn m√£i th·∫≠t nhi·ªÅu voucher cho m·ªçi ng∆∞·ªùi ·∫°  ,Ph√¢n Lo·∫°i S·∫£n Ph·∫©m:9,0
https://www.lazada.vn/products/voucher-nhan-iphone-14-promax-1tb-e-sticker-so-luong-co-han-i2632307418.html,0***2Ch·ª©ng nh·∫≠n ƒë√£ mua h√†ng,C·∫£m ∆°n shop r·∫•t l√† nhi·ªÅu v·ªÅ c√°c ho·∫°t ƒë·ªông khuy·∫øn m√£i nh∆∞ th·∫ø n√†y ·∫°  ,Ph√¢n Lo·∫°i S·∫£n Ph·∫©m:8,0
https://www.lazada.vn/products/voucher-nhan-iphone-14-promax-1tb-e-sticker-so-luong-co-han-i2632307418.html,0***2Ch·ª©ng nh·∫≠n ƒë√£ mua h√†ng,Shop uy t√≠n th·∫≠t m√¨nh r·∫•t vui . Nh·∫≠n ƒëc s·∫£n ph·∫©m r m√°y r·∫•t ƒë·∫πp ,Ph√¢n Lo·∫°i S·∫£n Ph·∫©m:20,0
https://www.lazada.vn/products/voucher-nhan-iphone-14-promax-1tb-e-sticker-so-luong-co-han-i2632307418.html,0***2Ch·ª©ng nh·∫≠n ƒë√£ mua h√†ng,Minh nhan duoc may rat dep khong lua loc gi cam on shop ,Ph√¢n Lo·∫°i S·∫£n Ph·∫©m:14,0
https://www.lazada.vn/products/voucher-nhan-iphone-14-promax-1tb-e-sticker-so-luong-co-han-i2632307418.html,0***2Ch·ª©ng nh·∫≠n ƒë√£ mua h√†ng,K th·ªÉ tin ƒë∆∞·ª£c . Cho shop ƒë√°nh gi√° 5 sao nha m·ªçi ng∆∞·ªùi ,Ph√¢n Lo·∫°i S·∫£n Ph·∫©m:7,0
https://www.lazada.vn/products/voucher-nhan-iphone-14-promax-1tb-e-sticker-so-luong-co-han-i2632307418.html,0***2Ch·ª©ng nh·∫≠n ƒë√£ mua h√†ng,C·∫£m ∆°n shop nh√© . Uy t√≠n m√°y ƒë·∫πp voucher tin c·∫≠y  ,Ph√¢n Lo·∫°i S·∫£n Ph·∫©m:13,1
https://www.lazada.vn/products/voucher-nhan-iphone-14-promax-1tb-e-sticker-so-luong-co-han-i2632307418.html,0***2Ch·ª©ng nh·∫≠n ƒë√£ mua h√†ng,M√¨nh nh·∫≠n ƒë∆∞·ª£c m√°y r·ªìi √¢u bao l√¢u voucher m√¨nh c·ªßng nh·∫≠n ƒë∆∞·ª£c ƒë√£ tin t∆∞·ªüng shop v√† r·∫•t ok uy t√≠n trong m·ªçi s·∫£n ph·∫©m,Ph√¢n Lo·∫°i S·∫£n Ph·∫©m:10,2
https://www.lazada.vn/products/voucher-nhan-iphone-14-promax-1tb-e-sticker-so-luong-co-han-i2632307418.html,0***2Ch·ª©ng nh·∫≠n ƒë√£ mua h√†ng,B√†n ho√†ng k th·ªÉ tin ƒë∆∞·ª£c l√† nh·∫≠n ƒë∆∞·ª£c 14 prm m·ªõi gull box nh∆∞ v·∫≠y c·∫£m ∆°n shop . Qu√° uy t√≠n,Ph√¢n Lo·∫°i S·∫£n Ph·∫©m:5,0
https://www.lazada.vn/products/voucher-nhan-iphone-14-promax-1tb-e-sticker-so-luong-co-han-i2632307418.html,0***2Ch·ª©ng nh·∫≠n ƒë√£ mua h√†ng,Mong shop s·∫Ω c√≥ nhi·ªÅu tr∆∞∆°ng tr√¨nh khuy·∫øn m√£i nhue th·∫ø n√†y h∆°n n·ªØa . Thanks,Ph√¢n Lo·∫°i S·∫£n Ph·∫©m:3,0
https://www.lazada.vn/products/voucher-nhan-iphone-14-promax-1tb-e-sticker-so-luong-co-han-i2632307418.html,0***2Ch·ª©ng nh·∫≠n ƒë√£ mua h√†ng,C·∫£m ∆°n shop m√¨nh nh·∫≠n ƒëuoecj m√°y r·ªìi r·∫•p ƒë·∫πp kh√¥ng c√≤n g√¨ ph·∫£i n√≥i n·ªØa,Ph√¢n Lo·∫°i S·∫£n Ph·∫©m:1,0
https://www.lazada.vn/products/voucher-nhan-iphone-14-promax-1tb-e-sticker-so-luong-co-han-i2632307418.html,0***2Ch·ª©ng nh·∫≠n ƒë√£ mua h√†ng,Nh·∫≠n m√°y r·ªìi shop qu√° ƒë·∫πp qu√° ho√†n h·∫£o lu√¥n ƒë√°nh gi√° shop r·∫•t cao nha,Ph√¢n Lo·∫°i S·∫£n Ph·∫©m:11,0
https://www.lazada.vn/products/dien-thoai-samsung-j3pro-i2389414505.html,Sonthanhle L.Ch·ª©ng nh·∫≠n ƒë√£ mua h√†ng,"Ch·∫•t l∆∞·ª£ng camera tuy·ªát v·ªùi, Kh·∫£ nƒÉng s·ª≠ d·ª•ng 2 SIM cho s·ª± linh ho·∫°t,  ","Nh√≥m M√†u:Xanh d∆∞∆°ng, Ph√¢n Lo·∫°i S·∫£n Ph·∫©m:m√°y tr·∫ßn",0
https://www.lazada.vn/products/dien-thoai-samsung-j3pro-i2389414505.html,Sonthanhle L.Ch·ª©ng nh·∫≠n ƒë√£ mua h√†ng,"C·∫£m ∆°n b·∫°n ƒë√£ ph·∫£n h·ªìi v·ªÅ s·∫£n ph·∫©m, shop s·∫Ω c·ªë g·∫Øng c·∫£i thi·ªán h∆°n n·ªØa. Mong ƒë∆∞·ª£c ti·∫øp t·ª•c ƒë·ªìng h√†nh c√πng qu√Ω kh√°ch.","Nh√≥m M√†u:ƒêen, Ph√¢n Lo·∫°i S·∫£n Ph·∫©m:m√°y tr·∫ßn",0
https://www.lazada.vn/products/dien-thoai-samsung-j3pro-i2389414505.html,H·∫£i ƒê.Ch·ª©ng nh·∫≠n ƒë√£ mua h√†ng,"Gi√° tr·ªã tuy·ªát v·ªùi cho s·ªë ti·ªÅn,  ","Nh√≥m M√†u:ƒêen, Ph√¢n Lo·∫°i S·∫£n Ph·∫©m:m√°y tr·∫ßn",0
https://www.lazada.vn/products/dien-thoai-samsung-j3pro-i2389414505.html,trang N.Ch·ª©ng nh·∫≠n ƒë√£ mua h√†ng,"C·∫£m ∆°n b·∫°n ƒë√£ ph·∫£n h·ªìi v·ªÅ s·∫£n ph·∫©m, shop s·∫Ω c·ªë g·∫Øng c·∫£i thi·ªán h∆°n n·ªØa. Mong ƒë∆∞·ª£c ti·∫øp t·ª•c ƒë·ªìng h√†nh c√πng qu√Ω kh√°ch.","Nh√≥m M√†u:Xanh d∆∞∆°ng, Ph√¢n Lo·∫°i S·∫£n Ph·∫©m:m√°y tr·∫ßn",0
https://www.lazada.vn/products/dien-thoai-samsung-j3pro-i2389414505.html,Sonthanhle L.Ch·ª©ng nh·∫≠n ƒë√£ mua h√†ng,"Ch·∫•t li·ªáu:
m√°y ok l·∫Øm nha shop ","Nh√≥m M√†u:ƒêen, Ph√¢n Lo·∫°i S·∫£n Ph·∫©m:m√°y tr·∫ßn",0
https://www.lazada.vn/products/dien-thoai-samsung-j3pro-i2389414505.html,Sonthanhle L.Ch·ª©ng nh·∫≠n ƒë√£ mua h√†ng,"C·∫£m ∆°n b·∫°n ƒë√£ ph·∫£n h·ªìi v·ªÅ s·∫£n ph·∫©m, shop s·∫Ω c·ªë g·∫Øng c·∫£i thi·ªán h∆°n n·ªØa. Mong ƒë∆∞·ª£c ti·∫øp t·ª•c ƒë·ªìng h√†nh c√πng qu√Ω kh√°ch.","Nh√≥m M√†u:ƒêen, Ph√¢n Lo·∫°i S·∫£n Ph·∫©m:m√°y tr·∫ßn",0
https://www.lazada.vn/products/dien-thoai-samsung-j3pro-i2389414505.html,H·∫£i ƒê.Ch·ª©ng nh·∫≠n ƒë√£ mua h√†ng,"Mua l·∫°i l·∫ßn 2. M√°y ƒë·∫πp r·∫ª, d√πng ok n√™n quay l·∫°i mua th√™m cho gia ƒë√¨nh x√†i.
M√°y ƒë·∫πp, ƒë√∫ng m√¥ t·∫£, d√πng t·ªët nha mn.
 ","Nh√≥m M√†u:Xanh d∆∞∆°ng, Ph√¢n Lo·∫°i S·∫£n Ph·∫©m:m√°y tr·∫ßn",0
https://www.lazada.vn/products/dien-thoai-samsung-j3pro-i2389414505.html,trang N.Ch·ª©ng nh·∫≠n ƒë√£ mua h√†ng,"C·∫£m ∆°n b·∫°n ƒë√£ ƒë√≥ng g√≥p √Ω ki·∫øn, shop ƒë√£ ghi nh·∫≠n v√† c·ªë g·∫Øng c·∫£i thi·ªán h∆°n n·ªØa. Mong ƒë∆∞·ª£c ti·∫øp t·ª•c ƒë·ªìng h√†nh c√πng qu√Ω kh√°ch","Nh√≥m M√†u:ƒêen, Ph√¢n Lo·∫°i S·∫£n Ph·∫©m:m√°y tr·∫ßn",0
https://www.lazada.vn/products/dien-thoai-samsung-j3pro-i2389414505.html,Sonthanhle L.Ch·ª©ng nh·∫≠n ƒë√£ mua h√†ng,"Ch·∫•t l∆∞·ª£ng camera tuy·ªát v·ªùi, Kh·∫£ nƒÉng s·ª≠ d·ª•ng 2 SIM cho s·ª± linh ho·∫°t,  ","Nh√≥m M√†u:ƒêen, Ph√¢n Lo·∫°i S·∫£n Ph·∫©m:m√°y tr·∫ßn",0
https://www.lazada.vn/products/dien-thoai-samsung-j3pro-i2389414505.html,Sonthanhle L.Ch·ª©ng nh·∫≠n ƒë√£ mua h√†ng,"C·∫£m ∆°n b·∫°n ƒë√£ ph·∫£n h·ªìi v·ªÅ s·∫£n ph·∫©m, shop s·∫Ω c·ªë g·∫Øng c·∫£i thi·ªán h∆°n n·ªØa. Mong ƒë∆∞·ª£c ti·∫øp t·ª•c ƒë·ªìng h√†nh c√πng qu√Ω kh√°ch.","Nh√≥m M√†u:Xanh d∆∞∆°ng, Ph√¢n Lo·∫°i S·∫£n Ph·∫©m:m√°y tr·∫ßn",0
https://www.lazada.vn/products/dien-thoai-samsung-j3pro-i2389414505.html,H·∫£i ƒê.Ch·ª©ng nh·∫≠n ƒë√£ mua h√†ng,"Gi√° tr·ªã tuy·ªát v·ªùi cho s·ªë ti·ªÅn,  ","Nh√≥m M√†u:ƒêen, Ph√¢n Lo·∫°i S·∫£n Ph·∫©m:m√°y tr·∫ßn",0
https://www.lazada.vn/products/dien-thoai-samsung-j3pro-i2389414505.html,trang N.Ch·ª©ng nh·∫≠n ƒë√£ mua h√†ng,"C·∫£m ∆°n b·∫°n ƒë√£ ph·∫£n h·ªìi v·ªÅ s·∫£n ph·∫©m, shop s·∫Ω c·ªë g·∫Øng c·∫£i thi·ªán h∆°n n·ªØa. Mong ƒë∆∞·ª£c ti·∫øp t·ª•c ƒë·ªìng h√†nh c√πng qu√Ω kh√°ch.","Nh√≥m M√†u:ƒêen, Ph√¢n Lo·∫°i S·∫£n Ph·∫©m:m√°y tr·∫ßn",0
https://www.lazada.vn/products/dien-thoai-samsung-j3pro-i2389414505.html,Sonthanhle L.Ch·ª©ng nh·∫≠n ƒë√£ mua h√†ng,"Ch·∫•t li·ªáu:
m√°y ok l·∫Øm nha shop ","Nh√≥m M√†u:Xanh d∆∞∆°ng, Ph√¢n Lo·∫°i S·∫£n Ph·∫©m:m√°y tr·∫ßn",0
https://www.lazada.vn/products/dien-thoai-samsung-j3pro-i2389414505.html,Sonthanhle L.Ch·ª©ng nh·∫≠n ƒë√£ mua h√†ng,"C·∫£m ∆°n b·∫°n ƒë√£ ph·∫£n h·ªìi v·ªÅ s·∫£n ph·∫©m, shop s·∫Ω c·ªë g·∫Øng c·∫£i thi·ªán h∆°n n·ªØa. Mong ƒë∆∞·ª£c ti·∫øp t·ª•c ƒë·ªìng h√†nh c√πng qu√Ω kh√°ch.","Nh√≥m M√†u:ƒêen, Ph√¢n Lo·∫°i S·∫£n Ph·∫©m:m√°y tr·∫ßn",0
https://www.lazada.vn/products/dien-thoai-samsung-j3pro-i2389414505.html,H·∫£i ƒê.Ch·ª©ng nh·∫≠n ƒë√£ mua h√†ng,"Mua l·∫°i l·∫ßn 2. M√°y ƒë·∫πp r·∫ª, d√πng ok n√™n quay l·∫°i mua th√™m cho gia ƒë√¨nh x√†i.
M√°y ƒë·∫πp, ƒë√∫ng m√¥ t·∫£, d√πng t·ªët nha mn.
 ","Nh√≥m M√†u:ƒêen, Ph√¢n Lo·∫°i S·∫£n Ph·∫©m:m√°y tr·∫ßn",0
https://www.lazada.vn/products/dien-thoai-samsung-j3pro-i2389414505.html,trang N.Ch·ª©ng nh·∫≠n ƒë√£ mua h√†ng,"C·∫£m ∆°n b·∫°n ƒë√£ ƒë√≥ng g√≥p √Ω ki·∫øn, shop ƒë√£ ghi nh·∫≠n v√† c·ªë g·∫Øng c·∫£i thi·ªán h∆°n n·ªØa. Mong ƒë∆∞·ª£c ti·∫øp t·ª•c ƒë·ªìng h√†nh c√πng qu√Ω kh√°ch","Nh√≥m M√†u:Xanh d∆∞∆°ng, Ph√¢n Lo·∫°i S·∫£n Ph·∫©m:m√°y tr·∫ßn",0
https://www.lazada.vn/products/dien-thoai-samsung-j3pro-i2389414505.html,Sonthanhle L.Ch·ª©ng nh·∫≠n ƒë√£ mua h√†ng,"Ch·∫•t l∆∞·ª£ng camera tuy·ªát v·ªùi, Kh·∫£ nƒÉng s·ª≠ d·ª•ng 2 SIM cho s·ª± linh ho·∫°t,  ","Nh√≥m M√†u:ƒêen, Ph√¢n Lo·∫°i S·∫£n Ph·∫©m:m√°y tr·∫ßn",0
https://www.lazada.vn/products/dien-thoai-samsung-j3pro-i2389414505.html,Sonthanhle L.Ch·ª©ng nh·∫≠n ƒë√£ mua h√†ng,"C·∫£m ∆°n b·∫°n ƒë√£ ph·∫£n h·ªìi v·ªÅ s·∫£n ph·∫©m, shop s·∫Ω c·ªë g·∫Øng c·∫£i thi·ªán h∆°n n·ªØa. Mong ƒë∆∞·ª£c ti·∫øp t·ª•c ƒë·ªìng h√†nh c√πng qu√Ω kh√°ch.","Nh√≥m M√†u:ƒêen, Ph√¢n Lo·∫°i S·∫£n Ph·∫©m:m√°y tr·∫ßn",0
https://www.lazada.vn/products/dien-thoai-samsung-j3pro-i2389414505.html,H·∫£i ƒê.Ch·ª©ng nh·∫≠n ƒë√£ mua h√†ng,"Gi√° tr·ªã tuy·ªát v·ªùi cho s·ªë ti·ªÅn,  ","Nh√≥m M√†u:Xanh d∆∞∆°ng, Ph√¢n Lo·∫°i S·∫£n Ph·∫©m:m√°y tr·∫ßn",0
https://www.lazada.vn/products/dien-thoai-samsung-j3pro-i2389414505.html,trang N.Ch·ª©ng nh·∫≠n ƒë√£ mua h√†ng,"C·∫£m ∆°n b·∫°n ƒë√£ ph·∫£n h·ªìi v·ªÅ s·∫£n ph·∫©m, shop s·∫Ω c·ªë g·∫Øng c·∫£i thi·ªán h∆°n n·ªØa. Mong ƒë∆∞·ª£c ti·∫øp t·ª•c ƒë·ªìng h√†nh c√πng qu√Ω kh√°ch.","Nh√≥m M√†u:ƒêen, Ph√¢n Lo·∫°i S·∫£n Ph·∫©m:m√°y tr·∫ßn",0
https://www.lazada.vn/products/dien-thoai-samsung-j3pro-i2389414505.html,Sonthanhle L.Ch·ª©ng nh·∫≠n ƒë√£ mua h√†ng,"Ch·∫•t li·ªáu:
m√°y ok l·∫Øm nha shop ","Nh√≥m M√†u:ƒêen, Ph√¢n Lo·∫°i S·∫£n Ph·∫©m:m√°y tr·∫ßn",0
https://www.lazada.vn/products/dien-thoai-samsung-j3pro-i2389414505.html,Sonthanhle L.Ch·ª©ng nh·∫≠n ƒë√£ mua h√†ng,"C·∫£m ∆°n b·∫°n ƒë√£ ph·∫£n h·ªìi v·ªÅ s·∫£n ph·∫©m, shop s·∫Ω c·ªë g·∫Øng c·∫£i thi·ªán h∆°n n·ªØa. Mong ƒë∆∞·ª£c ti·∫øp t·ª•c ƒë·ªìng h√†nh c√πng qu√Ω kh√°ch.","Nh√≥m M√†u:Xanh d∆∞∆°ng, Ph√¢n Lo·∫°i S·∫£n Ph·∫©m:m√°y tr·∫ßn",0
https://www.lazada.vn/products/dien-thoai-samsung-j3pro-i2389414505.html,H·∫£i ƒê.Ch·ª©ng nh·∫≠n ƒë√£ mua h√†ng,"Mua l·∫°i l·∫ßn 2. M√°y ƒë·∫πp r·∫ª, d√πng ok n√™n quay l·∫°i mua th√™m cho gia ƒë√¨nh x√†i.
M√°y ƒë·∫πp, ƒë√∫ng m√¥ t·∫£, d√πng t·ªët nha mn.
 ","Nh√≥m M√†u:ƒêen, Ph√¢n Lo·∫°i S·∫£n Ph·∫©m:m√°y tr·∫ßn",0
https://www.lazada.vn/products/dien-thoai-samsung-j3pro-i2389414505.html,trang N.Ch·ª©ng nh·∫≠n ƒë√£ mua h√†ng,"C·∫£m ∆°n b·∫°n ƒë√£ ƒë√≥ng g√≥p √Ω ki·∫øn, shop ƒë√£ ghi nh·∫≠n v√† c·ªë g·∫Øng c·∫£i thi·ªán h∆°n n·ªØa. Mong ƒë∆∞·ª£c ti·∫øp t·ª•c ƒë·ªìng h√†nh c√πng qu√Ω kh√°ch","Nh√≥m M√†u:ƒêen, Ph√¢n Lo·∫°i S·∫£n Ph·∫©m:m√°y tr·∫ßn",0
https://www.lazada.vn/products/dien-thoai-samsung-j3pro-i2389414505.html,Sonthanhle L.Ch·ª©ng nh·∫≠n ƒë√£ mua h√†ng,"Ch·∫•t l∆∞·ª£ng camera tuy·ªát v·ªùi, Kh·∫£ nƒÉng s·ª≠ d·ª•ng 2 SIM cho s·ª± linh ho·∫°t,  ","Nh√≥m M√†u:Xanh d∆∞∆°ng, Ph√¢n Lo·∫°i S·∫£n Ph·∫©m:m√°y tr·∫ßn",0
https://www.lazada.vn/products/dien-thoai-samsung-j3pro-i2389414505.html,Sonthanhle L.Ch·ª©ng nh·∫≠n ƒë√£ mua h√†ng,"C·∫£m ∆°n b·∫°n ƒë√£ ph·∫£n h·ªìi v·ªÅ s·∫£n ph·∫©m, shop s·∫Ω c·ªë g·∫Øng c·∫£i thi·ªán h∆°n n·ªØa. Mong ƒë∆∞·ª£c ti·∫øp t·ª•c ƒë·ªìng h√†nh c√πng qu√Ω kh√°ch.","Nh√≥m M√†u:ƒêen, Ph√¢n Lo·∫°i S·∫£n Ph·∫©m:m√°y tr·∫ßn",0
https://www.lazada.vn/products/dien-thoai-samsung-j3pro-i2389414505.html,H·∫£i ƒê.Ch·ª©ng nh·∫≠n ƒë√£ mua h√†ng,"Gi√° tr·ªã tuy·ªát v·ªùi cho s·ªë ti·ªÅn,  ","Nh√≥m M√†u:Xanh d∆∞∆°ng, Ph√¢n Lo·∫°i S·∫£n Ph·∫©m:m√°y tr·∫ßn",0
https://www.lazada.vn/products/dien-thoai-samsung-j3pro-i2389414505.html,trang N.Ch·ª©ng nh·∫≠n ƒë√£ mua h√†ng,"C·∫£m ∆°n b·∫°n ƒë√£ ph·∫£n h·ªìi v·ªÅ s·∫£n ph·∫©m, shop s·∫Ω c·ªë g·∫Øng c·∫£i thi·ªán h∆°n n·ªØa. Mong ƒë∆∞·ª£c ti·∫øp t·ª•c ƒë·ªìng h√†nh c√πng qu√Ω kh√°ch.","Nh√≥m M√†u:Xanh d∆∞∆°ng, Ph√¢n Lo·∫°i S·∫£n Ph·∫©m:m√°y tr·∫ßn",0
https://www.lazada.vn/products/dien-thoai-cu-ss-j2-prime-ram-15gb-co-4g-i1452696531.html,*******610Ch·ª©ng nh·∫≠n ƒë√£ mua h√†ng,"Gi√° tr·ªã tuy·ªát v·ªùi cho s·ªë ti·ªÅn b·ªè ra,  ",Nh√≥m M√†u:V√†ng h·ªìng,0
https://www.lazada.vn/products/dien-thoai-cu-ss-j2-prime-ram-15gb-co-4g-i1452696531.html,Nghi√™n P.Ch·ª©ng nh·∫≠n ƒë√£ mua h√†ng,ch·∫•t li·ªáu ko ƒë∆∞·ª£c t·ªët  ,Nh√≥m M√†u:V√†ng h·ªìng,0
https://www.lazada.vn/products/dien-thoai-cu-ss-j2-prime-ram-15gb-co-4g-i1452696531.html,Linhs H.Ch·ª©ng nh·∫≠n ƒë√£ mua h√†ng,Ch·∫•t l∆∞·ª£ng:d√πng ok nh s·∫Ω ·ªßng h·ªô shop l√¥u d ,Nh√≥m M√†u:V√†ng h·ªìng,0
https://www.lazada.vn/products/dien-thoai-cu-ss-j2-prime-ram-15gb-co-4g-i1452696531.html,Chu X.Ch·ª©ng nh·∫≠n ƒë√£ mua h√†ng,"ƒë√£ nh·∫≠n h√†ng v√† th·ª≠ ngon l√†nh, m√°y c√≤n r·∫•t m·ªõi, gi√° qu√° ·ªïn. ƒët cho ng∆∞·ªùi gi√† v√† tr·∫ª t·ª´ l·ªõp 7 tr·ªü xu·ªëng r·∫•t h·ª£p. T√¥i mua 3 c√°i li·ªÅn l√∫c cho c·∫£ b·ªë m·∫π v√† th·∫±ng con trai l·ªõp 6. Thanks shop nhi·ªÅu nh√©! ",Nh√≥m M√†u:V√†ng,2
https://www.lazada.vn/products/dien-thoai-cu-ss-j2-prime-ram-15gb-co-4g-i1452696531.html,Nguy·ªÖn M.Ch·ª©ng nh·∫≠n ƒë√£ mua h√†ng,c·∫£m ∆°n b ƒë√£ ·ªßng h·ªô shop ·∫°,Nh√≥m M√†u:V√†ng h·ªìng,0
https://www.lazada.vn/products/dien-thoai-cu-ss-j2-prime-ram-15gb-co-4g-i1452696531.html,Phan H.Ch·ª©ng nh·∫≠n ƒë√£ mua h√†ng,"T√≠nh nƒÉng:ƒë√£ nh·∫≠n ƒë∆∞·ª£c m√°y . m√°y c√≥ c√≤n m·ªõi 80 phan trƒÉm ƒë√°nh d·∫πp .
 Ch·∫•t l∆∞·ª£ng:v·ªën ch·∫•t l∆∞·ª£ng th·∫ø n√†o d√πng r·ªìi m·ªõi d√†nh gi√†y ti·∫øp 
 Ch·∫•t li·ªáu:ti·∫øt ko c·ª±c s·∫°c ch·ªâ c√≥ gi·∫•y xac 2 c·ª•c pin thay ok r·ªìi c√≤n pin d√πng ƒë∆∞·ª£c l√¢u ko ch√∫a bi·∫øt ƒë·ªÉ xem ƒë√£ 
 ",Nh√≥m M√†u:V√†ng h·ªìng,1
https://www.lazada.vn/products/dien-thoai-cu-ss-j2-prime-ram-15gb-co-4g-i1452696531.html,Linhs H.Ch·ª©ng nh·∫≠n ƒë√£ mua h√†ng,c·∫£m ∆°n b ƒë√£ ·ªßng h·ªô shop ·∫°,Nh√≥m M√†u:V√†ng h·ªìng,0
https://www.lazada.vn/products/dien-thoai-cu-ss-j2-prime-ram-15gb-co-4g-i1452696531.html,0***1Ch·ª©ng nh·∫≠n ƒë√£ mua h√†ng,ƒë√£  nh·∫≠n h√†ng ƒë√∫ng nh∆∞ h√¨nh ·∫£nh  c√≤n t·∫∑ng th√™m pin c√≤n d√πng c√≥ ok kh√¥ng  th√¨  chua bi·∫øt  n√≥i chung l√†  ok pin th√¨  c≈©ng ƒëc 2 ƒë·∫øn 3 ti·∫øng  dung cho con sem YouTube th√¨ ok ,Nh√≥m M√†u:V√†ng,1
https://www.lazada.vn/products/dien-thoai-cu-ss-j2-prime-ram-15gb-co-4g-i1452696531.html,9***9Ch·ª©ng nh·∫≠n ƒë√£ mua h√†ng,c·∫£m ∆°n b nhi√™u ·∫°,Nh√≥m M√†u:V√†ng,0
https://www.lazada.vn/products/dien-thoai-cu-ss-j2-prime-ram-15gb-co-4g-i1452696531.html,T***.Ch·ª©ng nh·∫≠n ƒë√£ mua h√†ng,h√†ng ƒë·∫πp nh∆∞ h√¨nh t·∫∑ng shop 5 sao ,Nh√≥m M√†u:V√†ng,1
https://www.lazada.vn/products/dien-thoai-cu-ss-j2-prime-ram-15gb-co-4g-i1452696531.html,M√®o ƒê.Ch·ª©ng nh·∫≠n ƒë√£ mua h√†ng,c·∫£m ∆°n b nhi√™u ·∫°,Nh√≥m M√†u:V√†ng h·ªìng,0
https://www.lazada.vn/products/dien-thoai-cu-ss-j2-prime-ram-15gb-co-4g-i1452696531.html,Nguy·ªÖn T.Ch·ª©ng nh·∫≠n ƒë√£ mua h√†ng,m√°y ƒë·∫πp S√†i oke .cho sop 5sao .s·∫Ω mua ·ªßng h·ªô sop n·ªØa  ,Nh√≥m M√†u:V√†ng,1
https://www.lazada.vn/products/dien-thoai-cu-ss-j2-prime-ram-15gb-co-4g-i1452696531.html,My P.Ch·ª©ng nh·∫≠n ƒë√£ mua h√†ng,c·∫£m ∆°n b nhi√™u ·∫°,Nh√≥m M√†u:V√†ng h·ªìng,0
https://www.lazada.vn/products/dien-thoai-cu-ss-j2-prime-ram-15gb-co-4g-i1452696531.html,My P.Ch·ª©ng nh·∫≠n ƒë√£ mua h√†ng,sp t·ªët n√™n mua ,Nh√≥m M√†u:V√†ng,0
https://www.lazada.vn/products/dien-thoai-cu-ss-j2-prime-ram-15gb-co-4g-i1452696531.html,Nh√¢nCh·ª©ng nh·∫≠n ƒë√£ mua h√†ng,c·∫£m ∆°n b nhi√™u ·∫°,Nh√≥m M√†u:V√†ng,0
