title,price,link_item,index_,discount_idx,discount_percent_list,countReviews,type,category,official_idx,official
Thức ăn hạt cho mèo trưởng thành Pro Cat Aldult - Túi 400gr,24.000 ₫,https://www.lazada.vn/products/thuc-an-hat-cho-meo-truong-thanh-pro-cat-aldult-tui-400gr-i1843734199.html,1,1,8% Off,"296 Đã bán
(53)
Hồ Chí Minh",lazada,pet,1,
"Bánh thưởng cho mèo Inaba Juicy Bites 33,9g",45.000 ₫,https://www.lazada.vn/products/banh-thuong-cho-meo-inaba-juicy-bites-339g-i2404789556.html,2,2,10% Off,"14 Đã bán
(8)
Hồ Chí Minh",lazada,pet,2,
Hạt Cho Mèo Purina Proplan Fussy & Beauty - Da Lông 1.5kg-SUPERPETS VIỆT NAM,245.000 ₫,https://www.lazada.vn/products/hat-cho-meo-purina-proplan-fussy-beauty-da-long-15kg-superpets-viet-nam-i2260562389.html,3,3,17% Off,"21 Đã bán
(5)
Hồ Chí Minh",lazada,pet,3,
Thức Ăn Cho Mèo Hạt Minino Vị Cá Ngừ 480g,29.000 ₫,https://www.lazada.vn/products/thuc-an-cho-meo-hat-minino-vi-ca-ngu-480g-i2183507013.html,4,4,,"8 Đã bán
Hồ Chí Minh",lazada,pet,4,
[BAO NGUYÊN SEAL 5kg] Thức ăn mèo NUTRIENCE SUBZERO,1.352.000 ₫,https://www.lazada.vn/products/bao-nguyen-seal-5kg-thuc-an-meo-nutrience-subzero-i928794631.html,5,5,8% Off,"46 Đã bán
(19)
Hồ Chí Minh",lazada,pet,5,
[1.5kg] Hạt khô Cat Eye cho mèo thức ăn Cat eye Hàn Quốc cho mèo tiêu búi lông,139.000 ₫,https://www.lazada.vn/products/15kg-hat-kho-cat-eye-cho-meo-thuc-an-cat-eye-han-quoc-cho-meo-tieu-bui-long-i2043236359.html,6,6,46% Off,"560 Đã bán
(56)
Hà Nội",lazada,pet,6,
Xương cho chó Orgo High Calcium 90g,19.000 ₫,https://www.lazada.vn/products/xuong-cho-cho-orgo-high-calcium-90g-i223616597.html,7,7,,"97 Đã bán
(7)
Hà Nội",lazada,pet,7,
Thanh cỏ tiêu búi lông cho Mèo mix vị thịt gà 30g - phụ kiện thú cưng,27.000 ₫,https://www.lazada.vn/products/thanh-co-tieu-bui-long-cho-meo-mix-vi-thit-ga-30g-phu-kien-thu-cung-i2612149043.html,8,8,,"5 Đã bán
(1)
Hà Nội",lazada,pet,8,
"Hạt Cho Mèo Minino Plus Túi 350g & 1,5kg - Hạt Minino Plus Kitten & Adult",37.000 ₫,https://www.lazada.vn/products/hat-cho-meo-minino-plus-tui-350g-15kg-hat-minino-plus-kitten-adult-i2623910333.html,9,9,,Hồ Chí Minh,lazada,pet,9,
400g Hello Cat - Thức ăn hạt cho mèo vị cá ngừ,25.500 ₫,https://www.lazada.vn/products/400g-hello-cat-thuc-an-hat-cho-meo-vi-ca-ngu-i1852937423.html,10,10,,"33 Đã bán
(6)
Hồ Chí Minh",lazada,pet,10,
"Hạt thức ăn cho mèo CAT EYE 13,5KG",930.000 ₫,https://www.lazada.vn/products/hat-thuc-an-cho-meo-cat-eye-135kg-i2400793473.html,11,11,,Hồ Chí Minh,lazada,pet,11,
"Hạt Cateyes cho mèo túi 1kg & bao 13,5kg của Hàn Quốc",960.000 ₫,https://www.lazada.vn/products/hat-cateyes-cho-meo-tui-1kg-bao-135kg-cua-han-quoc-i1956737423.html,12,12,,"(1)
Hồ Chí Minh",lazada,pet,12,
Hạt Mix thịt sấy MR.VET túi 1kg thức ăn cho mèo mọi lứa tuổi - phụ kiện thú cưng,130.000 ₫,https://www.lazada.vn/products/hat-mix-thit-say-mrvet-tui-1kg-thuc-an-cho-meo-moi-lua-tuoi-phu-kien-thu-cung-i2617117352.html,13,13,,Hà Nội,lazada,pet,13,
ZOEF Bột Sữa Dê Cho Thú Cưng 5g Mỗi Túi Sữa Bột Bổ Sung Dinh Dưỡng Cho Chó Mèo Bổ Sung Canxi Chăm Sóc Sức Khỏe LI0376,5.500 ₫,https://www.lazada.vn/products/zoef-bot-sua-de-cho-thu-cung-5g-moi-tui-sua-bot-bo-sung-dinh-duong-cho-cho-meo-bo-sung-canxi-cham-soc-suc-khoe-li0376-i1892068446.html,14,14,54% Off,"1.1K Đã bán
(144)
Nước ngoài",lazada,pet,14,Official
[TẶNG PATE] [BAO NGUYÊN SEAL 2.27kg] Thức ăn mèo NUTRIENCE SUBZERO,698.000 ₫,https://www.lazada.vn/products/tang-pate-bao-nguyen-seal-227kg-thuc-an-meo-nutrience-subzero-i928812162.html,15,15,12% Off,"41 Đã bán
(5)
Hồ Chí Minh",lazada,pet,15,
Thức ăn cho chó nhỏ hương vị trứng và sữa Ganador puppy Flavored With Egg And Milk - Gói 400g,23.500 ₫,https://www.lazada.vn/products/thuc-an-cho-cho-nho-huong-vi-trung-va-sua-ganador-puppy-flavored-with-egg-and-milk-goi-400g-i512162363.html,16,16,10% Off,"2.3K Đã bán
(306)
Hồ Chí Minh",lazada,pet,16,
Thức Ăn Hạt Cho Mèo Tommy Gói 500g - Philippines,28.500 ₫,https://www.lazada.vn/products/thuc-an-hat-cho-meo-tommy-goi-500g-philippines-i1560560281.html,17,17,,"1.5K Đã bán
(141)
Hồ Chí Minh",lazada,pet,17,
Snack Thịt Sấy Khô Cho Mèo Kitcat Freezebites 15g - [Nông Trại Thú Cưng],37.000 ₫,https://www.lazada.vn/products/snack-thit-say-kho-cho-meo-kitcat-freezebites-15g-nong-trai-thu-cung-i2099683082.html,18,18,20% Off,"159 Đã bán
(12)
Hồ Chí Minh",lazada,pet,18,
[1kg Lẻ] Hạt Nutri Plan Thức ăn hạt khô cho mèo hô xtrowj tiêu búi lông,85.000 ₫,https://www.lazada.vn/products/1kg-le-hat-nutri-plan-thuc-an-hat-kho-cho-meo-ho-xtrowj-tieu-bui-long-i2615912133.html,19,19,11% Off,"7 Đã bán
(2)
Hồ Chí Minh",lazada,pet,19,
ZOEF Mèo Cỏ Hạt Giống Mèo Cỏ Trồng Bộ Dinh Dưỡng Đất Thủy Canh Bộ LI0244,7.300 ₫,https://www.lazada.vn/products/zoef-meo-co-hat-giong-meo-co-trong-bo-dinh-duong-dat-thuy-canh-bo-li0244-i1418633030.html,20,20,54% Off,"2.8K Đã bán
(340)
Nước ngoài",lazada,pet,20,Official
[GIẢM ĐẾN 20% Ở XU] Bánh thưởng catnip cho mèo ăn vặt Catnip Biscuits gói 40g,9.538 ₫,https://www.lazada.vn/products/giam-den-20-o-xu-banh-thuong-catnip-cho-meo-an-vat-catnip-biscuits-goi-40g-i2243309977.html,21,21,5% Off,"708 Đã bán
(73)
Hồ Chí Minh",lazada,pet,21,
Thức ăn mèo ORIJEN GUARDIAN 8 [Bao nguyên seal] (Grain free),1.129.000 ₫,https://www.lazada.vn/products/thuc-an-meo-orijen-guardian-8-bao-nguyen-seal-grain-free-i2191701161.html,22,22,,"(3)
Hồ Chí Minh",lazada,pet,22,
Thức ăn mèo ORIJEN SIX FISH [Bao nguyên seal] (Grain free),1.095.000 ₫,https://www.lazada.vn/products/thuc-an-meo-orijen-six-fish-bao-nguyen-seal-grain-free-i1575152175.html,23,23,,"12 Đã bán
(2)
Hồ Chí Minh",lazada,pet,23,
Thức ăn hạt cho mèo CATSRANG Hàn Quốc 5kg - GIÁ SIÊU ƯU ĐÃI,399.000 ₫,https://www.lazada.vn/products/thuc-an-hat-cho-meo-catsrang-han-quoc-5kg-gia-sieu-uu-dai-i2183330091.html,24,24,,"52 Đã bán
Hồ Chí Minh",lazada,pet,24,
[Fonti] Xương Gặm Fonti Da Bò Sữa - Xương Gặm Cho Chó Gặm Sạch Răng,28.000 ₫,https://www.lazada.vn/products/fonti-xuong-gam-fonti-da-bo-sua-xuong-gam-cho-cho-gam-sach-rang-i2404230289.html,25,25,,"43 Đã bán
(2)
Hồ Chí Minh",lazada,pet,25,
Hạt cho mèo Royal Canin Indoor Thức ăn cho mèo trưởng thành 2kg Petemo Pet Shop,523.000 ₫,https://www.lazada.vn/products/hat-cho-meo-royal-canin-indoor-thuc-an-cho-meo-truong-thanh-2kg-petemo-pet-shop-i2351121695.html,26,26,,"15 Đã bán
Hồ Chí Minh",lazada,pet,26,Official
Thức ăn mèo TASTE OF THE WILD [BAO NGUYÊN SEAL] Vị Cá hồi,465.000 ₫,https://www.lazada.vn/products/thuc-an-meo-taste-of-the-wild-bao-nguyen-seal-vi-ca-hoi-i1205854412.html,27,27,23% Off,"9 Đã bán
(1)
Hồ Chí Minh",lazada,pet,27,
"Thức ăn hạt khô cho Mèo APro IQ Formula 500g thức ăn công thức giá rẻ tăng cường IQ, Vitamin, chất dinh dưỡng rau củ cải thiện trí thông minh thú cưng của bạn",24.700 ₫,https://www.lazada.vn/products/thuc-an-hat-kho-cho-meo-apro-iq-formula-500g-thuc-an-cong-thuc-gia-re-tang-cuong-iq-vitamin-chat-dinh-duong-rau-cu-cai-thien-tri-thong-minh-thu-cung-cua-ban-i2589778111.html,28,28,31% Off,"14 Đã bán
(1)
Hà Nội",lazada,pet,28,
Thức Ăn Mèo Apro IQ Formula 500g giá rẻ,22.999 ₫,https://www.lazada.vn/products/thuc-an-meo-apro-iq-formula-500g-gia-re-i2600046326.html,29,29,34% Off,"10 Đã bán
Hồ Chí Minh",lazada,pet,29,
[Premium] Hạt Cho Mèo Catseye Premium - Hạt Cat's Eye Dòng Thượng Hạng Cho Mèo,38.000 ₫,https://www.lazada.vn/products/premium-hat-cho-meo-catseye-premium-hat-cats-eye-dong-thuong-hang-cho-meo-i2621803215.html,30,30,,Hồ Chí Minh,lazada,pet,30,
[Hoàn Tiền 10%] Bánh thưởng yaho làm sạch răng thú cưng ( dạng xương và thanh xoắn ),36.672 ₫,https://www.lazada.vn/products/hoan-tien-10-banh-thuong-yaho-lam-sach-rang-thu-cung-dang-xuong-va-thanh-xoan-i1151950637.html,31,31,8% Off,"2.1K Đã bán
(196)
Hà Nội",lazada,pet,31,
"Hạt Nutrience Cho Mèo Túi 500g & 2,27kg - Nutrience Subzero & Infusion",172.000 ₫,https://www.lazada.vn/products/hat-nutrience-cho-meo-tui-500g-227kg-nutrience-subzero-infusion-i2605083260.html,32,32,,Hồ Chí Minh,lazada,pet,32,
"Bánh thưởng KitCat cho mèo giúp sạch răng, thơm miệng, Bánh thưởng Kitcat Breath Bites Túi 60gr",35.000 ₫,https://www.lazada.vn/products/banh-thuong-kitcat-cho-meo-giup-sach-rang-thom-mieng-banh-thuong-kitcat-breath-bites-tui-60gr-i2073063720.html,33,33,,"98 Đã bán
(7)
Hồ Chí Minh",lazada,pet,33,
"[350gr 1.5kg] Hạt thức ăn cho mèo trưởng thành KEOS - Loại bỏ búi lông, hỗ trợ tiết niệu - KAT Store",32.000 ₫,https://www.lazada.vn/products/350gr-15kg-hat-thuc-an-cho-meo-truong-thanh-keos-loai-bo-bui-long-ho-tro-tiet-nieu-kat-store-i2332007864.html,34,34,,"43 Đã bán
(9)
Hồ Chí Minh",lazada,pet,34,
"Thức ăn mèo TASTE OF THE WILD [BAO NGUYÊN SEAL] Vị chim cút, vịt quay",465.000 ₫,https://www.lazada.vn/products/thuc-an-meo-taste-of-the-wild-bao-nguyen-seal-vi-chim-cut-vit-quay-i1466162602.html,35,35,23% Off,"12 Đã bán
(3)
Hồ Chí Minh",lazada,pet,35,
[TÚI 500G] Thức Ăn Hạt Khô Cho Mèo Giá Rẻ APro IQ Formula 500g NHẬP KHẨU THÁI LAN,24.500 ₫,https://www.lazada.vn/products/tui-500g-thuc-an-hat-kho-cho-meo-gia-re-apro-iq-formula-500g-nhap-khau-thai-lan-i1310511696.html,36,36,39% Off,"739 Đã bán
(76)
Đồng Nai",lazada,pet,36,
[THÙNG 6 GÓI TIẾT KIỆM] THỨC ĂN HẠT CHO MÈO MININO,399.000 ₫,https://www.lazada.vn/products/thung-6-goi-tiet-kiem-thuc-an-hat-cho-meo-minino-i1565687251.html,37,37,23% Off,"23 Đã bán
(7)
Đồng Nai",lazada,pet,37,
Hạt Cho Mèo Max Well Giàu Xơ Giảm Nôn Trớ (Nhật Bản),280.000 ₫,https://www.lazada.vn/products/hat-cho-meo-max-well-giau-xo-giam-non-tro-nhat-ban-i2638410207.html,38,38,18% Off,"(1)
Hồ Chí Minh",lazada,pet,38,
Orgo - Hộp 400gr- Sữa bột dành cho chó mèo hàng nhập khẩu,120.360 ₫,https://www.lazada.vn/products/orgo-hop-400gr-sua-bot-danh-cho-cho-meo-hang-nhap-khau-i1806124557.html,39,39,17% Off,"153 Đã bán
(30)
Hồ Chí Minh",lazada,pet,39,Official
HẠT THỨC ĂN CHO MÈO TODAY'S DINNER 5KG - Petshop MewMew,339.000 ₫,https://www.lazada.vn/products/hat-thuc-an-cho-meo-todays-dinner-5kg-petshop-mewmew-i2414211041.html,40,40,11% Off,"40 Đã bán
(10)
Hồ Chí Minh",lazada,pet,40,
5KG Thức ăn hạt cho Mèo mọi lứa tuổi Nutri Plan Cat All Stage Plus SUPERPETS,399.000 ₫,https://www.lazada.vn/products/5kg-thuc-an-hat-cho-meo-moi-lua-tuoi-nutri-plan-cat-all-stage-plus-superpets-i2496846617.html,1,1,11% Off,"6 Đã bán
Hồ Chí Minh",lazada,pet,1,
Thức ăn hạt cho mèo TODAY'S DINNER - Túi 1kg thức ăn cho mèo phù hợp cho mèo mọi lứa tuổi,75.000 ₫,https://www.lazada.vn/products/thuc-an-hat-cho-meo-todays-dinner-tui-1kg-thuc-an-cho-meo-phu-hop-cho-meo-moi-lua-tuoi-i1825534156.html,2,2,16% Off,"99 Đã bán
(13)
Hà Nội",lazada,pet,2,
Thức ăn hạt khô Cateye và các loại hạt tổng hợp cho mèo mọi lứa tuổi Nhập Khẩu Hàn Quốc - Túi 1Kg,80.000 ₫,https://www.lazada.vn/products/thuc-an-hat-kho-cateye-va-cac-loai-hat-tong-hop-cho-meo-moi-lua-tuoi-nhap-khau-han-quoc-tui-1kg-i2612374097.html,3,3,6% Off,Hà Nội,lazada,pet,3,
Hạt mèo MR.VET túi 1kg thức ăn mèo Mix thịt sấy - Cutepets,140.000 ₫,https://www.lazada.vn/products/hat-meo-mrvet-tui-1kg-thuc-an-meo-mix-thit-say-cutepets-i2617066803.html,4,4,,Hà Nội,lazada,pet,4,
"1,3kg Minino Cá ngừ - Thức ăn cho mèo nhỏ và trưởng thành",81.999 ₫,https://www.lazada.vn/products/13kg-minino-ca-ngu-thuc-an-cho-meo-nho-va-truong-thanh-i1867952045.html,5,5,,"563 Đã bán
(66)
Hồ Chí Minh",lazada,pet,5,
Hạt Royal Canin Fit32 2kg cho mèo hay vận động,465.000 ₫,https://www.lazada.vn/products/hat-royal-canin-fit32-2kg-cho-meo-hay-van-dong-i2356691732.html,6,6,1% Off,"(1)
Hồ Chí Minh",lazada,pet,6,
[Bao 5kg] Hạt Nutri Plan Bao Nguyên 5kg - Hạt Cho Mèo NUTRIPLAN Từ Hàn Quốc,430.000 ₫,https://www.lazada.vn/products/bao-5kg-hat-nutri-plan-bao-nguyen-5kg-hat-cho-meo-nutriplan-tu-han-quoc-i2617280559.html,7,7,13% Off,Hồ Chí Minh,lazada,pet,7,
Catsrang - Thức ăn cho mèo mọi lứa tuổi 5KG,415.000 ₫,https://www.lazada.vn/products/catsrang-thuc-an-cho-meo-moi-lua-tuoi-5kg-i2164078589.html,8,8,19% Off,"342 Đã bán
(78)
Hà Nội",lazada,pet,8,
"Thức ăn hạt cho chó Nutrience Subzero Grain-free Fraser Valley - gà tây, cá hồi, cá trích, cá tuyết và rau củ trái cây tự nhiên",648.000 ₫,https://www.lazada.vn/products/thuc-an-hat-cho-cho-nutrience-subzero-grain-free-fraser-valley-ga-tay-ca-hoi-ca-trich-ca-tuyet-va-rau-cu-trai-cay-tu-nhien-i539680436.html,9,9,21% Off,"239 Đã bán
(41)
Hồ Chí Minh",lazada,pet,9,Official
Thức ăn cho mèo Nutrience Infusion Adult Indoor cho mèo trưởng thành - thịt gà và rau củ trái cây tự nhiên,550.000 ₫,https://www.lazada.vn/products/thuc-an-cho-meo-nutrience-infusion-adult-indoor-cho-meo-truong-thanh-thit-ga-va-rau-cu-trai-cay-tu-nhien-i536304709.html,10,10,15% Off,"97 Đã bán
(9)
Hồ Chí Minh",lazada,pet,10,Official
Pate Royal Canin Mother & Babycat Cho Mèo Mẹ Mang Thai và Mèo Con -195Gr,54.900 ₫,https://www.lazada.vn/products/pate-royal-canin-mother-babycat-cho-meo-me-mang-thai-va-meo-con-195gr-i2404119625.html,11,11,35% Off,"11 Đã bán
(8)
Hồ Chí Minh",lazada,pet,11,
Bánh xương chó trung Pedigree Dentastix 98g/1 bánh,39.000 ₫,https://www.lazada.vn/products/banh-xuong-cho-trung-pedigree-dentastix-98g1-banh-i253607587.html,12,12,8% Off,"218 Đã bán
(15)
Hồ Chí Minh",lazada,pet,12,
THỨC ĂN HẠT KHÔ MININO VỊ CÁ NGỪ CHO MÈO,26.000 ₫,https://www.lazada.vn/products/thuc-an-hat-kho-minino-vi-ca-ngu-cho-meo-i779348003.html,13,13,41% Off,"1.3K Đã bán
(150)
Hồ Chí Minh",lazada,pet,13,
1.3kg Thức ăn cho mèo mọi lứa tuổi MININO TUNA CÁ NGỪ,69.000 ₫,https://www.lazada.vn/products/13kg-thuc-an-cho-meo-moi-lua-tuoi-minino-tuna-ca-ngu-i2560660457.html,14,14,10% Off,"32 Đã bán
(5)
Hồ Chí Minh",lazada,pet,14,
350g Minino yum - Thức ăn hạt cho mèo lớn và nhỏ,24.777 ₫,https://www.lazada.vn/products/350g-minino-yum-thuc-an-hat-cho-meo-lon-va-nho-i1868585093.html,15,15,,"139 Đã bán
(8)
Hồ Chí Minh",lazada,pet,15,
Thức ăn mèo Whiskas túi 400g,34.000 ₫,https://www.lazada.vn/products/thuc-an-meo-whiskas-tui-400g-i2636118340.html,16,16,32% Off,Hồ Chí Minh,lazada,pet,16,
Combo 5 kg ZOIi CAT 240k,250.000 ₫,https://www.lazada.vn/products/combo-5-kg-zoii-cat-240k-i2140747731.html,17,17,,"28 Đã bán
(7)
Hồ Chí Minh",lazada,pet,17,
(CÓ CHIẾT TỪ 250GR) Hạt Moiier cho mèo mix topping 43% đạm không độn ngũ cốc,179.000 ₫,https://www.lazada.vn/products/co-chiet-tu-250gr-hat-moiier-cho-meo-mix-topping-43-dam-khong-don-ngu-coc-i2612206617.html,18,18,10% Off,Hà Nội,lazada,pet,18,
"INDIGO 7 TÚI 1,4KG - Hạt dinh dưỡng cao cấp cho mèo protein cao, hỗ trợ đường ruột - Date T11/2024 - Chubby Mew",229.000 ₫,https://www.lazada.vn/products/indigo-7-tui-14kg-hat-dinh-duong-cao-cap-cho-meo-protein-cao-ho-tro-duong-ruot-date-t112024-chubby-mew-i2629593579.html,19,19,35% Off,Hồ Chí Minh,lazada,pet,19,
Thức ăn Reflex Urinary hỗ trợ tiết niệu cho mèo trưởng thành túi 1.5 kg,209.000 ₫,https://www.lazada.vn/products/thuc-an-reflex-urinary-ho-tro-tiet-nieu-cho-meo-truong-thanh-tui-15-kg-i1410804423.html,20,20,,"43 Đã bán
(3)
Hà Nội",lazada,pet,20,
[Chiết 1 kg] Hạt Catsrang cho mèo mọi lứa tuổi,90.000 ₫,https://www.lazada.vn/products/chiet-1-kg-hat-catsrang-cho-meo-moi-lua-tuoi-i2336005464.html,21,21,10% Off,"10 Đã bán
(3)
Hồ Chí Minh",lazada,pet,21,
Thức Ăn Cho Mèo Hạt Me-O 350g Dành Cho Mèo Trưởng Thành Trên 12 Tháng Tuổi Đủ Vị,25.000 ₫,https://www.lazada.vn/products/thuc-an-cho-meo-hat-me-o-350g-danh-cho-meo-truong-thanh-tren-12-thang-tuoi-du-vi-i2420053179.html,22,22,50% Off,"469 Đã bán
(89)
Hồ Chí Minh",lazada,pet,22,
Hạt Cho Mèo Thức Ăn Cho Mèo Hạt Cat Eyes Cân Bằng Dinh Dưỡng Giảm Búi Lông Hiệu Quả Túi Chiết Lẻ 500-1kg,85.500 ₫,https://www.lazada.vn/products/hat-cho-meo-thuc-an-cho-meo-hat-cat-eyes-can-bang-dinh-duong-giam-bui-long-hieu-qua-tui-chiet-le-500-1kg-i2347192006.html,23,23,,"81 Đã bán
(20)
Hà Nội",lazada,pet,23,
[KMR] Sữa Bột Cho Mèo Sơ Sinh KMR Hộp 340g - Hàng Nhập Khẩu USA Cao Cấp,575.000 ₫,https://www.lazada.vn/products/kmr-sua-bot-cho-meo-so-sinh-kmr-hop-340g-hang-nhap-khau-usa-cao-cap-i2422962128.html,24,24,4% Off,Hồ Chí Minh,lazada,pet,24,
Hạt Hữu Cơ Natural Core S2 Cho Chó - 1kg/6kg - Nôngtrạithúcưng.com,218.000 ₫,https://www.lazada.vn/products/hat-huu-co-natural-core-cho-cho-1kg6kg-nongtraithucungcom-i2523552390.html,25,25,14% Off,Hồ Chí Minh,lazada,pet,25,Official
"Hạt cho mèo Wanpy Happy100 túi 1,5kg nguyên seal. Hạt cho mèo Wanpy happy 100",140.000 ₫,https://www.lazada.vn/products/hat-cho-meo-wanpy-happy100-tui-15kg-nguyen-seal-hat-cho-meo-wanpy-happy-100-i2166867628.html,26,26,22% Off,"72 Đã bán
(10)
Hà Nội",lazada,pet,26,
Xương Gặm Thưởng Ăn Vặt Sạch Răng Thơm Miệng Cho Chó VegeBones,19.000 ₫,https://www.lazada.vn/products/xuong-gam-thuong-an-vat-sach-rang-thom-mieng-cho-cho-vegebones-i1780223144.html,27,27,14% Off,"2.2K Đã bán
(234)
Hà Nội",lazada,pet,27,
"Hạt Cho Mèo REFLEX Túi 1,5kg - Thức Ăn Hạt Cho Mèo Con & Mèo Trưởng Thành",170.000 ₫,https://www.lazada.vn/products/hat-cho-meo-reflex-tui-15kg-thuc-an-hat-cho-meo-con-meo-truong-thanh-i1934504159.html,28,28,6% Off,"882 Đã bán
(133)
Hồ Chí Minh",lazada,pet,28,
Thức Ăn Hạt Khô Cho Mèo APro IQ Formula - Túi 500g,24.500 ₫,https://www.lazada.vn/products/thuc-an-hat-kho-cho-meo-apro-iq-formula-tui-500g-i1334789007.html,29,29,2% Off,"6.2K Đã bán
(481)
Hồ Chí Minh",lazada,pet,29,
"Hạt Meowcat cho mèo mọi lứa tuổi - 1,2KG",69.000 ₫,https://www.lazada.vn/products/hat-meowcat-cho-meo-moi-lua-tuoi-12kg-i2205665849.html,30,30,19% Off,"5 Đã bán
Hồ Chí Minh",lazada,pet,30,
Thức ăn cho chó lớn Smartheart vị bò nướng bao xá 20kg,815.000 ₫,https://www.lazada.vn/products/thuc-an-cho-cho-lon-smartheart-vi-bo-nuong-bao-xa-20kg-i2189419609.html,31,31,,"17 Đã bán
(3)
Hồ Chí Minh",lazada,pet,31,
(Bao nguyên seal) Hạt cho mèo ORIJEN Bao 340g,279.000 ₫,https://www.lazada.vn/products/bao-nguyen-seal-hat-cho-meo-orijen-bao-340g-i2191686394.html,32,32,,Hồ Chí Minh,lazada,pet,32,
Snack Cho Chó Bánh Quy BowWow Oven-Baked Biscuits 220g,68.000 ₫,https://www.lazada.vn/products/snack-cho-cho-banh-quy-bowwow-oven-baked-biscuits-220g-i1833719388.html,33,33,24% Off,"22 Đã bán
(3)
Hồ Chí Minh",lazada,pet,33,
Hạt Natural Core C3 Bene 3012 cho mèo trưởng thành vị Thịt gà và cá hồi 500g - 1.5kg - 5kg - 10kg,1.129.999 ₫,https://www.lazada.vn/products/hat-natural-core-c3-bene-3012-cho-meo-truong-thanh-vi-thit-ga-va-ca-hoi-500g-15kg-5kg-10kg-i2213886116.html,34,34,,"(1)
Hồ Chí Minh",lazada,pet,34,
Thức ăn hạt Cat’s on cho Mèo - dành cho Mèo mọi lứa tuổi,65.000 ₫,https://www.lazada.vn/products/thuc-an-hat-cats-on-cho-meo-danh-cho-meo-moi-lua-tuoi-i2598151957.html,35,35,,"7 Đã bán
(2)
Hồ Chí Minh",lazada,pet,35,
Thức Ăn Cho Chó Hạt Classic Pets 400g Vị Bò Dành Cho Chó Lớn Trên 12 Tháng Tuổi - Miki Petshop,17.000 ₫,https://www.lazada.vn/products/thuc-an-cho-cho-hat-classic-pets-400g-vi-bo-danh-cho-cho-lon-tren-12-thang-tuoi-miki-petshop-i2614394609.html,36,36,23% Off,"101 Đã bán
(11)
Hồ Chí Minh",lazada,pet,36,
"[Hoàn Tiền 10%] Hạt Natural Core Organic C3 BENE 3012, C1 cho Mèo thức ăn hạt khô Thịt Gà & Cá Hồi",75.000 ₫,https://www.lazada.vn/products/hoan-tien-10-hat-natural-core-organic-c3-bene-3012-c1-cho-meo-thuc-an-hat-kho-thit-ga-ca-hoi-i2095030369.html,37,37,25% Off,"109 Đã bán
(7)
Hà Nội",lazada,pet,37,
Thức ăn mèo Whiskas vị cá ngừ túi 1.2kg,119.225 ₫,https://www.lazada.vn/products/thuc-an-meo-whiskas-vi-ca-ngu-tui-12kg-i205300441.html,38,38,5% Off,"10.4K Đã bán
(2012)
Hồ Chí Minh",lazada,pet,38,Official
Thức ăn cho mèo Maxime Kiten & Adult 400g,35.000 ₫,https://www.lazada.vn/products/thuc-an-cho-meo-maxime-kiten-adult-400g-i2453381098.html,39,39,,Đà Nẵng,lazada,pet,39,
BÁNH CÁ CATNIP CHO MÈO,9.537 ₫,https://www.lazada.vn/products/banh-ca-catnip-cho-meo-i2371885221.html,40,40,32% Off,"2.2K Đã bán
(110)
Hồ Chí Minh",lazada,pet,40,
Thức ăn hạt mềm cho mèo Zenith Hairball 1.2kg,60.000 ₫,https://www.lazada.vn/products/thuc-an-hat-mem-cho-meo-zenith-hairball-12kg-i1584553672.html,1,1,8% Off,"7 Đã bán
(2)
Hồ Chí Minh",lazada,pet,1,
Hạt me o cho mèo bao lớn 7kg ( 20 gói nhỏ 350g),435.000 ₫,https://www.lazada.vn/products/hat-me-o-cho-meo-bao-lon-7kg-20-goi-nho-350g-i2334868902.html,2,2,3% Off,"13 Đã bán
(3)
Hồ Chí Minh",lazada,pet,2,
"Hạt Cho Mèo Minino Plus Túi 350g & 1,5kg - Hạt Minino Plus Kitten & Adult",181.000 ₫,https://www.lazada.vn/products/hat-cho-meo-minino-plus-tui-350g-15kg-hat-minino-plus-kitten-adult-i2623849777.html,3,3,,Hồ Chí Minh,lazada,pet,3,
Hạt Aatas Gourmer Delight Cho Mèo Trưởng Thành 1.2kg - Nhiều vị - NôngTrạiThúCưng.com,94.000 ₫,https://www.lazada.vn/products/hat-aatas-gourmer-delight-cho-meo-truong-thanh-12kg-nhieu-vi-nongtraithucungcom-i2412523242.html,4,4,14% Off,Hồ Chí Minh,lazada,pet,4,Official
Xương Da Bò Trắng Cho Chó Giúp Sạch Răng MON AMI CHEWIE - Vị Sữa - [Nông Trại Thú Cưng],46.000 ₫,https://www.lazada.vn/products/xuong-da-bo-trang-cho-cho-giup-sach-rang-mon-ami-chewie-vi-sua-nong-trai-thu-cung-i1879517848.html,5,5,6% Off,"9 Đã bán
Hồ Chí Minh",lazada,pet,5,
- Thức ăn hạt cho mèo CATSRANG Hàn Quốc1kg- 5kg -,95.000 ₫,https://www.lazada.vn/products/thuc-an-hat-cho-meo-catsrang-han-quoc1kg-5kg-i2313340426.html,6,6,,"5 Đã bán
Hồ Chí Minh",lazada,pet,6,
Sữa bột dành cho mèo DR.KYAN PETSURE premium 400g,200.000 ₫,https://www.lazada.vn/products/sua-bot-danh-cho-meo-drkyan-petsure-premium-400g-i2433133655.html,7,7,7% Off,Hồ Chí Minh,lazada,pet,7,
Thức Ăn Hamster Sợi Cá Tuyết Phù Hợp Tất Cả Dòng Hamster,17.999 ₫,https://www.lazada.vn/products/thuc-an-hamster-soi-ca-tuyet-phu-hop-tat-ca-dong-hamster-i2251155281.html,8,8,14% Off,"45 Đã bán
(12)
Hồ Chí Minh",lazada,pet,8,
"Hanpet - Túi 10 chiếc 5cm Xương da bò cao cấp dành cho chó gặm sạch răng, khử mùi hôi miệng -",29.000 ₫,https://www.lazada.vn/products/hanpet-tui-10-chiec-5cm-xuong-da-bo-cao-cap-danh-cho-cho-gam-sach-rang-khu-mui-hoi-mieng-i961844269.html,9,9,12% Off,"133 Đã bán
(22)
Hồ Chí Minh",lazada,pet,9,
"(CÓ CHIẾT TỪ 250GR) Thức ăn Hạt Mister Donut T1, T2 cho mèo con và mèo lớn cao cấp kèm toppig thịt sấy nhiều dinh dưỡng",138.000 ₫,https://www.lazada.vn/products/co-chiet-tu-250gr-thuc-an-hat-mister-donut-t1-t2-cho-meo-con-va-meo-lon-cao-cap-kem-toppig-thit-say-nhieu-dinh-duong-i2612267824.html,10,10,31% Off,Hà Nội,lazada,pet,10,
Hạt cho mèo Royal Canin British Shorthair Adult Thức ăn cho mèo trưởng thành 2kg Petemo Pet Shop,561.000 ₫,https://www.lazada.vn/products/hat-cho-meo-royal-canin-british-shorthair-adult-thuc-an-cho-meo-truong-thanh-2kg-petemo-pet-shop-i2351090787.html,11,11,,Hồ Chí Minh,lazada,pet,11,Official
Cat's on Hàn Quốc - Thức ăn hạt cho mèo túi chiết,34.900 ₫,https://www.lazada.vn/products/cats-on-han-quoc-thuc-an-hat-cho-meo-tui-chiet-i1085512902.html,12,12,14% Off,"1.2K Đã bán
(199)
Hồ Chí Minh",lazada,pet,12,
Thức ăn hạt Minino Yum cho mèo gói 350gr,32.000 ₫,https://www.lazada.vn/products/thuc-an-hat-minino-yum-cho-meo-goi-350gr-i1530038040.html,13,13,,"257 Đã bán
(21)
Hồ Chí Minh",lazada,pet,13,
Reflex Adult Salmon & Anchovy 15kg - Thức ăn mèo trưởng thành vị cá hồi & cá cơm,1.230.000 ₫,https://www.lazada.vn/products/reflex-adult-salmon-anchovy-15kg-thuc-an-meo-truong-thanh-vi-ca-hoi-ca-com-i1901869027.html,14,14,2% Off,"(1)
Hồ Chí Minh",lazada,pet,14,
Hạt cho mèo lớn Reflex nội địa Thổ Nhĩ Kỳ (1 Kg chiết),84.900 ₫,https://www.lazada.vn/products/hat-cho-meo-lon-reflex-noi-dia-tho-nhi-ky-1-kg-chiet-i2603736452.html,15,15,32% Off,Hồ Chí Minh,lazada,pet,15,
Thức ăn hạt cho mèo con Minino Yum Plus Kitten vị trứng và sữa 350gr,32.000 ₫,https://www.lazada.vn/products/thuc-an-hat-cho-meo-con-minino-yum-plus-kitten-vi-trung-va-sua-350gr-i2356362864.html,16,16,,"71 Đã bán
(12)
Hồ Chí Minh",lazada,pet,16,
Snack Cho Chó Xương Xanh Thơm Miệng Doggyman,52.000 ₫,https://www.lazada.vn/products/snack-cho-cho-xuong-xanh-thom-mieng-doggyman-i1222376297.html,17,17,13% Off,"350 Đã bán
(35)
Hồ Chí Minh",lazada,pet,17,
Bánh Cá Catnip Cho Mèo Dạng Hủ 120g - Bánh Catnip Tiêu Búi Lông,29.000 ₫,https://www.lazada.vn/products/banh-ca-catnip-cho-meo-dang-hu-120g-banh-catnip-tieu-bui-long-i2615805754.html,18,18,42% Off,"13 Đã bán
(1)
Hồ Chí Minh",lazada,pet,18,
[5kg] Hạt Cho Mèo Kitcat - Thanh Lý Cận Date 28/6/2024,274.000 ₫,https://www.lazada.vn/products/5kg-hat-cho-meo-kitcat-thanh-ly-can-date-2862024-i2649709433.html,19,19,49% Off,Hồ Chí Minh,lazada,pet,19,
Viên snack CattyMan hỗ trợ tiêu búi lông cho mèo 30g,24.000 ₫,https://www.lazada.vn/products/vien-snack-cattyman-ho-tro-tieu-bui-long-cho-meo-30g-i1949412181.html,20,20,43% Off,"67 Đã bán
(9)
Hồ Chí Minh",lazada,pet,20,
Thức Ăn Hạt Zoi Cat Cho Mèo Trưởng Thành (Thái Lan) 1KG - [Nông Trại Thú Cưng],47.000 ₫,https://www.lazada.vn/products/thuc-an-hat-zoi-cat-cho-meo-truong-thanh-thai-lan-1kg-nong-trai-thu-cung-i1963579341.html,21,21,41% Off,"2.4K Đã bán
(339)
Hồ Chí Minh",lazada,pet,21,
"[Hoàn Tiền 10%] THỨC ĂN CHO CHÓ LÀM ĐẸP DA & LÔNG- PRUNUS Dr. HEAL SKIN CARE 1,5 KG",319.000 ₫,https://www.lazada.vn/products/hoan-tien-10-thuc-an-cho-cho-lam-dep-da-long-prunus-dr-heal-skin-care-15-kg-i1846155954.html,22,22,24% Off,Hồ Chí Minh,lazada,pet,22,
"Hạt cho mèo Teb City 1.5kg đa dạng topping cao cấp giàu dinh dưỡng, thức ăn hạt khô cho mèo mọi lứa tuổi - MiuPet House",145.999 ₫,https://www.lazada.vn/products/hat-cho-meo-teb-city-15kg-da-dang-topping-cao-cap-giau-dinh-duong-thuc-an-hat-kho-cho-meo-moi-lua-tuoi-miupet-house-i2604347999.html,23,23,27% Off,"5 Đã bán
Hà Nội",lazada,pet,23,
que cỏ bạc hà ( catnip) 6 cây dành cho mèo yêu,30.000 ₫,https://www.lazada.vn/products/que-co-bac-ha-catnip-6-cay-danh-cho-meo-yeu-i2597410492.html,24,24,,Hồ Chí Minh,lazada,pet,24,
Xương Gặm Da Bò Cho Chó Giúp Sạch Răng MON AMI CHEWIE - Hình Nơ - Nhiều Size - [Nông Trại Thú Cưng],40.000 ₫,https://www.lazada.vn/products/xuong-gam-da-bo-cho-cho-giup-sach-rang-mon-ami-chewie-hinh-no-nhieu-size-nong-trai-thu-cung-i1879666020.html,25,25,27% Off,"36 Đã bán
(4)
Hồ Chí Minh",lazada,pet,25,
(CÓ CHIẾT TỪ 250GR) Thức ăn hạt khô Nutri Plan giàu dinh dưỡng cho mèo mọi lứa tuổi,49.000 ₫,https://www.lazada.vn/products/co-chiet-tu-250gr-thuc-an-hat-kho-nutri-plan-giau-dinh-duong-cho-meo-moi-lua-tuoi-i2612306221.html,26,26,38% Off,Hà Nội,lazada,pet,26,
Snack dạng viên Tiêu búi lông cho Mèo Catty Man,35.000 ₫,https://www.lazada.vn/products/snack-dang-vien-tieu-bui-long-cho-meo-catty-man-i2260923993.html,27,27,36% Off,"5 Đã bán
(3)
Hồ Chí Minh",lazada,pet,27,
Thức Ăn Cho Mèo Từ 3 Tháng Tuổi Hạt Minino Đủ Vị - Miki Petshop,27.000 ₫,https://www.lazada.vn/products/thuc-an-cho-meo-tu-3-thang-tuoi-hat-minino-du-vi-miki-petshop-i2614373853.html,28,28,,"8 Đã bán
(1)
Hồ Chí Minh",lazada,pet,28,
Bánh thưởng Altimate Pet Dental Chew cho chó gặm sạch răng vị sữa 150g,79.000 ₫,https://www.lazada.vn/products/banh-thuong-altimate-pet-dental-chew-cho-cho-gam-sach-rang-vi-sua-150g-i2358271458.html,29,29,7% Off,"29 Đã bán
(4)
Hồ Chí Minh",lazada,pet,29,
Thức ăn Reflex cho mèo trưởng thành vị cá hồi túi 1.5kg,191.000 ₫,https://www.lazada.vn/products/thuc-an-reflex-cho-meo-truong-thanh-vi-ca-hoi-tui-15kg-i1410910126.html,30,30,,"7 Đã bán
(1)
Hà Nội",lazada,pet,30,
Hạt cho mèo Nabirang túi 5kg Hạt dinh dưỡng cho mèo mọi lứa tuổi. NABIRANG TÚI 5KG,315.000 ₫,https://www.lazada.vn/products/hat-cho-meo-nabirang-tui-5kg-hat-dinh-duong-cho-meo-moi-lua-tuoi-nabirang-tui-5kg-i2553972362.html,31,31,14% Off,"6 Đã bán
(2)
Hồ Chí Minh",lazada,pet,31,
Thức Ăn Hạt Cho Mèo Molly 2kg - SUPERPETS VIỆT NAM,255.000 ₫,https://www.lazada.vn/products/thuc-an-hat-cho-meo-molly-2kg-superpets-viet-nam-i2304794162.html,32,32,6% Off,"52 Đã bán
(9)
Hồ Chí Minh",lazada,pet,32,
"Tặng Lược- Thức Ăn Hạt Cho Mèo- Giàu Xơ, Giảm Nôn- MaxWell Nhật Bản 1.5kg/1.6kg",305.000 ₫,https://www.lazada.vn/products/tang-luoc-thuc-an-hat-cho-meo-giau-xo-giam-non-maxwell-nhat-ban-15kg16kg-i2627764057.html,33,33,,Hồ Chí Minh,lazada,pet,33,
7kg Thức Ăn Hạt Mèo MAXIME PHILIPINES,458.000 ₫,https://www.lazada.vn/products/7kg-thuc-an-hat-meo-maxime-philipines-i2030878028.html,34,34,7% Off,"21 Đã bán
(3)
Hồ Chí Minh",lazada,pet,34,
"Felipro bao 8kg, Felipro bao xá 8kg thức ăn hạt cho mèo, xuất xứ Thái Lan bao bì mới",575.000 ₫,https://www.lazada.vn/products/felipro-bao-8kg-felipro-bao-xa-8kg-thuc-an-hat-cho-meo-xuat-xu-thai-lan-bao-bi-moi-i2053439772.html,35,35,12% Off,"18 Đã bán
(1)
Hồ Chí Minh",lazada,pet,35,
"Thức ăn cho mèo cateye 13,5kg",1.045.000 ₫,https://www.lazada.vn/products/thuc-an-cho-meo-cateye-135kg-i2133969164.html,36,36,,"17 Đã bán
(3)
Hà Nội",lazada,pet,36,
Reflex 15kg - HẠT MÈO REFLEX CHICKEN KITTEN (MÈO CON),1.189.000 ₫,https://www.lazada.vn/products/reflex-15kg-hat-meo-reflex-chicken-kitten-meo-con-i2033340186.html,37,37,23% Off,"33 Đã bán
(15)
Hồ Chí Minh",lazada,pet,37,
Thức ăn cho mèo lớn Whiskas dạng hạt vị cá ngừ,35.000 ₫,https://www.lazada.vn/products/thuc-an-cho-meo-lon-whiskas-dang-hat-vi-ca-ngu-i2022661698.html,38,38,,Hồ Chí Minh,lazada,pet,38,
Hạt cho Mèo Mister Donut T2 bao 9kg,1.179.000 ₫,https://www.lazada.vn/products/hat-cho-meo-mister-donut-t2-bao-9kg-i2228246999.html,39,39,4% Off,"(1)
Hồ Chí Minh",lazada,pet,39,
[HCM]Thức ăn hạt cho Mèo mọi lứa tuổi. Catsrang 5kg. Bao bì mới- Dinh dưỡng hơn- Date mới.,435.800 ₫,https://www.lazada.vn/products/hcmthuc-an-hat-cho-meo-moi-lua-tuoi-catsrang-5kg-bao-bi-moi-dinh-duong-hon-date-moi-i1204452986.html,40,40,1% Off,"62 Đã bán
(10)
Hồ Chí Minh",lazada,pet,40,
"thức ăn hạt Nutri Plan 1kg CHIẾT dành cho mèo (giảm hôi phân. thải búi lông, giảm dị ứng và nấm,...)",92.000 ₫,https://www.lazada.vn/products/thuc-an-hat-nutri-plan-1kg-chiet-danh-cho-meo-giam-hoi-phan-thai-bui-long-giam-di-ung-va-nam-i2429205210.html,1,1,8% Off,"(2)
Hồ Chí Minh",lazada,pet,1,
Hạt CUNCUN thức ăn hạt khô cho mèo Túi 1.2kg,47.000 ₫,https://www.lazada.vn/products/hat-cuncun-thuc-an-hat-kho-cho-meo-tui-12kg-i2180047729.html,2,2,15% Off,"111 Đã bán
(14)
Hồ Chí Minh",lazada,pet,2,
"Oxbow Critical Care Bột Cỏ Phục Hồi Khẩn Cấp Cho Thỏ, Bọ Ú, Chinchilla, Rùa Cạn, Bò Sát",200.000 ₫,https://www.lazada.vn/products/oxbow-critical-care-bot-co-phuc-hoi-khan-cap-cho-tho-bo-u-chinchilla-rua-can-bo-sat-i2246275186.html,3,3,9% Off,"7 Đã bán
(1)
Hồ Chí Minh",lazada,pet,3,
Que thịt thưởng dành cho chó JERKY STICK - Gói 50g,25.000 ₫,https://www.lazada.vn/products/que-thit-thuong-danh-cho-cho-jerky-stick-goi-50g-i1277413815.html,4,4,22% Off,"251 Đã bán
(25)
Hồ Chí Minh",lazada,pet,4,
[MUA 1 TẶNG 1] [BAO NGUYÊN SEAL 5kg] Thức ăn chó NUTRIENCE SUBZERO,1.249.000 ₫,https://www.lazada.vn/products/mua-1-tang-1-bao-nguyen-seal-5kg-thuc-an-cho-nutrience-subzero-i1641151594.html,5,5,14% Off,Hồ Chí Minh,lazada,pet,5,
(500g Repack) Thức ăn khô Hạt N&D Prime Cho Mèo con vị Gà & lựu đỏ - Farmina - Tiệm 4 chân hỏa tốc,156.560 ₫,https://www.lazada.vn/products/500g-repack-thuc-an-kho-hat-nd-prime-cho-meo-con-vi-ga-luu-do-farmina-tiem-4-chan-hoa-toc-i2627074789.html,6,6,45% Off,Hồ Chí Minh,lazada,pet,6,
Hạt dùng thử cho mèo Silver Spoon 40g,6.000 ₫,https://www.lazada.vn/products/hat-dung-thu-cho-meo-silver-spoon-40g-i2541201554.html,7,7,40% Off,"52 Đã bán
(8)
Hồ Chí Minh",lazada,pet,7,
[Hoàn Tiền 10%] 1.2kg THỨC ĂN HẠT MỀM CHO MÈO ZENITH CAT HAIRBALL,205.000 ₫,https://www.lazada.vn/products/hoan-tien-10-12kg-thuc-an-hat-mem-cho-meo-zenith-cat-hairball-i1226308374.html,8,8,29% Off,"80 Đã bán
(12)
Hồ Chí Minh",lazada,pet,8,
"SEAL 10KG HẠT ROYAL CANIN NHẬP THÁI CHO MÈO KITTEN 10KG, INDOOR 10KG, FIT 10KG , FIT32 10KG Nhập Khẩu Hàn Chính Hãng SUPERPETS VIỆT NAM",2.050.000 ₫,https://www.lazada.vn/products/seal-10kg-hat-royal-canin-nhap-thai-cho-meo-kitten-10kg-indoor-10kg-fit-10kg-fit32-10kg-nhap-khau-han-chinh-hang-superpets-viet-nam-i2359639789.html,9,9,2% Off,"72 Đã bán
(28)
Hồ Chí Minh",lazada,pet,9,
KANIVA - Thức Ăn Hạt Cao Cấp Cho Mèo - Series Thông Thường BỊCH NHỎ (380g-400g tùy loại),75.000 ₫,https://www.lazada.vn/products/kaniva-thuc-an-hat-cao-cap-cho-meo-series-thong-thuong-bich-nho-380g-400g-tuy-loai-i2612566745.html,10,10,,"(2)
Hà Nội",lazada,pet,10,
Bánh Snack - Bánh Thưởng Nhân Kem Cho Mèo Temptations 75g - [Nông Trại Thú Cưng],61.000 ₫,https://www.lazada.vn/products/banh-snack-banh-thuong-nhan-kem-cho-meo-temptations-75g-nong-trai-thu-cung-i1388880578.html,11,11,6% Off,"78 Đã bán
(6)
Hồ Chí Minh",lazada,pet,11,
HẠT CATCHY CHO MÈO CON VỊ CÁ NGỪ VÀ GÀ TÚI 400GR,40.000 ₫,https://www.lazada.vn/products/hat-catchy-cho-meo-con-vi-ca-ngu-va-ga-tui-400gr-i2534000588.html,12,12,,Hồ Chí Minh,lazada,pet,12,
Thức ăn hạt Felipro 1kg - dành cho mèo khó ăn với hương vị hải sản,66.766 ₫,https://www.lazada.vn/products/thuc-an-hat-felipro-1kg-danh-cho-meo-kho-an-voi-huong-vi-hai-san-i1501275839.html,13,13,5% Off,"1.7K Đã bán
(258)
Hồ Chí Minh",lazada,pet,13,
Hạt LuvCare Small Dưỡng Lông Da Cho Chó Giống Nhỏ,45.000 ₫,https://www.lazada.vn/products/hat-luvcare-small-duong-long-da-cho-cho-giong-nho-i2341279771.html,14,14,36% Off,"25 Đã bán
(9)
Hồ Chí Minh",lazada,pet,14,
(CATEYE-400gr) Thức ăn mèo Cat eye cho mèo mọi lứa tuổi,37.740 ₫,https://www.lazada.vn/products/cateye-400gr-thuc-an-meo-cat-eye-cho-meo-moi-lua-tuoi-i2134696962.html,15,15,20% Off,"13 Đã bán
(4)
Hà Nội",lazada,pet,15,Official
Hạt khô Zoi Cat cho mèo mọi lứa tuổi,42.900 ₫,https://www.lazada.vn/products/hat-kho-zoi-cat-cho-meo-moi-lua-tuoi-i2242676874.html,16,16,23% Off,"8 Đã bán
Hồ Chí Minh",lazada,pet,16,
"Hạt Maxwell Cho Mèo Tốt Cho Thận, Giảm Nôn Trớ, Phát Triển Xương Và Răng SUPERPETS VIỆT NAM",276.000 ₫,https://www.lazada.vn/products/hat-maxwell-cho-meo-tot-cho-than-giam-non-tro-phat-trien-xuong-va-rang-superpets-viet-nam-i2548925059.html,17,17,21% Off,"(2)
Hồ Chí Minh",lazada,pet,17,
Hanpet - THỨC ĂN MÈO CAT'S EYE 1kg KITTEN & CAT (cat eye & cateye),82.000 ₫,https://www.lazada.vn/products/hanpet-thuc-an-meo-cats-eye-1kg-kitten-cat-cat-eye-cateye-i1641248153.html,18,18,4% Off,"272 Đã bán
(40)
Hà Nội",lazada,pet,18,
[NEW] Hạt Cho Mèo JUNGLE (Thổ Nhĩ Kỳ) Mọi Lứa Tuổi - [Nông Trại Thú Cưng],82.000 ₫,https://www.lazada.vn/products/new-hat-cho-meo-jungle-tho-nhi-ky-moi-lua-tuoi-nong-trai-thu-cung-i2418335269.html,19,19,9% Off,Hồ Chí Minh,lazada,pet,19,
Snack cá nướng thơm ngon cho Mèo Catty Man nhiều dinh dưỡng,35.000 ₫,https://www.lazada.vn/products/snack-ca-nuong-thom-ngon-cho-meo-catty-man-nhieu-dinh-duong-i2260945698.html,20,20,36% Off,"6 Đã bán
(1)
Hồ Chí Minh",lazada,pet,20,
"Hạt Aatas cho mèo Gold Dry mix cá cơm sấy 1,2kg",109.000 ₫,https://www.lazada.vn/products/hat-aatas-cho-meo-gold-dry-mix-ca-com-say-12kg-i2225764488.html,21,21,24% Off,"20 Đã bán
(5)
Hồ Chí Minh",lazada,pet,21,
Snack Mèo Làm Từ Cá Nguyên Chất Cattyman,25.000 ₫,https://www.lazada.vn/products/snack-meo-lam-tu-ca-nguyen-chat-cattyman-i2275000173.html,22,22,17% Off,"117 Đã bán
(8)
Hồ Chí Minh",lazada,pet,22,
Hạt thức ăn khô Today's dinner cho mèo mọi lứa tuổi bao 5kg,340.000 ₫,https://www.lazada.vn/products/hat-thuc-an-kho-todays-dinner-cho-meo-moi-lua-tuoi-bao-5kg-i2121573451.html,23,23,15% Off,"406 Đã bán
(94)
Hồ Chí Minh",lazada,pet,23,
Bánh thưởng Altimate Pet Dental Chew cho chó gặm sạch răng vị bạc hà 150g,79.000 ₫,https://www.lazada.vn/products/banh-thuong-altimate-pet-dental-chew-cho-cho-gam-sach-rang-vi-bac-ha-150g-i2358539028.html,24,24,7% Off,"7 Đã bán
Hồ Chí Minh",lazada,pet,24,
[5kg] Hạt Cho Mèo Mọi Lứa Tuổi Nutri Plan Cat All Stage Plus,465.000 ₫,https://www.lazada.vn/products/5kg-hat-cho-meo-moi-lua-tuoi-nutri-plan-cat-all-stage-plus-i2427690912.html,25,25,6% Off,"5 Đã bán
(1)
Hồ Chí Minh",lazada,pet,25,
Hạt Mister Donut T1 - Hạt Cho Mèo Con & Mèo Bầu Fulltopping,139.000 ₫,https://www.lazada.vn/products/hat-mister-donut-t1-hat-cho-meo-con-meo-bau-fulltopping-i2373807777.html,26,26,18% Off,"11 Đã bán
(1)
Hồ Chí Minh",lazada,pet,26,
Xương gặm sạch răng cho chó mèo Yaho 25g - bánh thưởng cho chó - Long Vũ Pet Food,11.000 ₫,https://www.lazada.vn/products/xuong-gam-sach-rang-cho-cho-meo-yaho-25g-banh-thuong-cho-cho-long-vu-pet-food-i940658230.html,27,27,27% Off,"40 Đã bán
(1)
Hà Nội",lazada,pet,27,
"""Hoàn tiền đến 10%"" ROYAL CANIN URINARY S/O - BỆNH SỎI THẬN Ở MÈO gói 1.5kg",174.000 ₫,https://www.lazada.vn/products/hoan-tien-den-10-royal-canin-urinary-so-benh-soi-than-o-meo-goi-15kg-i1916439216.html,28,28,,"42 Đã bán
(7)
Hồ Chí Minh",lazada,pet,28,
Hanpet - Thức ăn mèo Me-O KEOS 3 loại Cat eye Catsrang - thức ăn cho mèo lớn- thức ăn cho mèo trưởng thành cá ngừ cá thu hải sản,35.000 ₫,https://www.lazada.vn/products/hanpet-thuc-an-meo-me-o-keos-3-loai-cat-eye-catsrang-thuc-an-cho-meo-lon-thuc-an-cho-meo-truong-thanh-ca-ngu-ca-thu-hai-san-i250772470.html,29,29,,"3.7K Đã bán
(454)
Hà Nội",lazada,pet,29,
"thức ăn hạt Nutri Plan 5kg dành cho mèo (giảm hôi phân, dị ứng, bị nấm vẫn ăn được)",290.000 ₫,https://www.lazada.vn/products/thuc-an-hat-nutri-plan-5kg-danh-cho-meo-giam-hoi-phan-di-ung-bi-nam-van-an-duoc-i2429232097.html,30,30,,Hồ Chí Minh,lazada,pet,30,
"[7,5kg] Hạt Minino Cho Mèo Vị Cá Ngừ Bao Xá 7,5kg - Hạt Cho Mèo Mọi Lứa Tuổi MININO",398.000 ₫,https://www.lazada.vn/products/75kg-hat-minino-cho-meo-vi-ca-ngu-bao-xa-75kg-hat-cho-meo-moi-lua-tuoi-minino-i2604091771.html,31,31,28% Off,"7 Đã bán
(1)
Hồ Chí Minh",lazada,pet,31,
[Bao 5kg] Hạt Nutri Plan Bao Nguyên 5kg - Hạt Cho Mèo NUTRIPLAN Từ Hàn Quốc,430.000 ₫,https://www.lazada.vn/products/bao-5kg-hat-nutri-plan-bao-nguyen-5kg-hat-cho-meo-nutriplan-tu-han-quoc-i2617238772.html,32,32,13% Off,Hồ Chí Minh,lazada,pet,32,
Snack que gặm doggyman cho chó mèo - Túi 120g,52.000 ₫,https://www.lazada.vn/products/snack-que-gam-doggyman-cho-cho-meo-tui-120g-i815678151.html,33,33,31% Off,"177 Đã bán
(2)
Hồ Chí Minh",lazada,pet,33,
Gói tommy 500g Thức ăn cho mèo của Phillipine,27.000 ₫,https://www.lazada.vn/products/goi-tommy-500g-thuc-an-cho-meo-cua-phillipine-i2071829627.html,34,34,,"72 Đã bán
(7)
Hồ Chí Minh",lazada,pet,34,
Sữa chua sấy thăng hoa cho mèo Kitcat 10g,51.400 ₫,https://www.lazada.vn/products/sua-chua-say-thang-hoa-cho-meo-kitcat-10g-i2404654809.html,35,35,,Hồ Chí Minh,lazada,pet,35,
"Hạt Reflex Plus cho mèo các loại túi 1,5kg",150.000 ₫,https://www.lazada.vn/products/hat-reflex-plus-cho-meo-cac-loai-tui-15kg-i2325007464.html,36,36,2% Off,"7 Đã bán
Hồ Chí Minh",lazada,pet,36,
Thức ăn mèo dạng hạt Me-O vị cá thu - gói 350g,28.000 ₫,https://www.lazada.vn/products/thuc-an-meo-dang-hat-me-o-vi-ca-thu-goi-350g-i2546740918.html,37,37,,"12 Đã bán
(3)
Hồ Chí Minh",lazada,pet,37,
Hạt thức ăn khô cho mèo PARTNER gói 400gram,30.000 ₫,https://www.lazada.vn/products/hat-thuc-an-kho-cho-meo-partner-goi-400gram-i2607651159.html,38,38,40% Off,Hồ Chí Minh,lazada,pet,38,
[HOÀN TIỀN 10%]Xương gặm sạch răng 7 Dental Gói 160g - Cutepets,50.000 ₫,https://www.lazada.vn/products/hoan-tien-10xuong-gam-sach-rang-7-dental-goi-160g-cutepets-i298852907.html,39,39,,"246 Đã bán
(12)
Hà Nội",lazada,pet,39,
thức ăn hạt Mr.Vet 1kg kèm 3 loại thịt sấy dành cho mèo,138.000 ₫,https://www.lazada.vn/products/thuc-an-hat-mrvet-1kg-kem-3-loai-thit-say-danh-cho-meo-i2586635532.html,40,40,1% Off,Hồ Chí Minh,lazada,pet,40,
